dt,LandAverageTemperature,LandAverageTemperatureUncertainty,LandMaxTemperature,LandMaxTemperatureUncertainty,LandMinTemperature,LandMinTemperatureUncertainty,LandAndOceanAverageTemperature,LandAndOceanAverageTemperatureUncertainty
1750-01-01,3.034,3.574,,,,,,
1750-02-01,3.083,3.702,,,,,,
1750-03-01,5.626,3.076,,,,,,
1750-04-01,8.49,2.451,,,,,,
1750-05-01,11.573,2.072,,,,,,
1750-06-01,12.937,1.724,,,,,,
1750-07-01,15.868,1.911,,,,,,
1750-08-01,14.75,2.231,,,,,,
1750-09-01,11.413,2.637,,,,,,
1750-10-01,6.367,2.668,,,,,,
1750-11-01,,,,,,,,
1750-12-01,2.772,2.97,,,,,,
1751-01-01,2.495,3.469,,,,,,
1751-02-01,0.963,3.827,,,,,,
1751-03-01,5.8,3.051,,,,,,
1751-04-01,7.67,2.368,,,,,,
1751-05-01,,,,,,,,
1751-06-01,13.827,1.801,,,,,,
1751-07-01,,,,,,,,
1751-08-01,14.405,2.296,,,,,,
1751-09-01,10.673,2.656,,,,,,
1751-10-01,,,,,,,,
1751-11-01,,,,,,,,
1751-12-01,,,,,,,,
1752-01-01,0.348,3.789,,,,,,
1752-02-01,,,,,,,,
1752-03-01,5.806,3.192,,,,,,
1752-04-01,8.265,2.398,,,,,,
1752-05-01,,,,,,,,
1752-06-01,,,,,,,,
1752-07-01,,,,,,,,
1752-08-01,,,,,,,,
1752-09-01,,,,,,,,
1752-10-01,7.839,2.754,,,,,,
1752-11-01,7.335,2.747,,,,,,
1752-12-01,5.086,2.982,,,,,,
1753-01-01,2.039,3.478,,,,,,
1753-02-01,0.715,6.341,,,,,,
1753-03-01,5.424,2.929,,,,,,
1753-04-01,8.272,3.177,,,,,,
1753-05-01,12.186,3.111,,,,,,
1753-06-01,14.585,2.59,,,,,,
1753-07-01,15.092,1.929,,,,,,
1753-08-01,14.148,2.453,,,,,,
1753-09-01,13.322,2.538,,,,,,
1753-10-01,8.962,2.585,,,,,,
1753-11-01,5.353,2.807,,,,,,
1753-12-01,0.559,4.174,,,,,,
1754-01-01,1.574,5.02,,,,,,
1754-02-01,-1.249,7.492,,,,,,
1754-03-01,3.677,3.336,,,,,,
1754-04-01,11.61,3.293,,,,,,
1754-05-01,11.936,3.937,,,,,,
1754-06-01,14.388,3.366,,,,,,
1754-07-01,14.681,2.401,,,,,,
1754-08-01,13.556,1.892,,,,,,
1754-09-01,11.129,2.318,,,,,,
1754-10-01,9.582,2.529,,,,,,
1754-11-01,6.161,3.048,,,,,,
1754-12-01,4.587,3.299,,,,,,
1755-01-01,1.067,4.693,,,,,,
1755-02-01,-0.108,5.857,,,,,,
1755-03-01,3.607,3.909,,,,,,
1755-04-01,9.263,3.372,,,,,,
1755-05-01,12.881,4.151,,,,,,
1755-06-01,15.38,5.322,,,,,,
1755-07-01,14.397,1.936,,,,,,
1755-08-01,13.515,2.381,,,,,,
1755-09-01,11.773,3.416,,,,,,
1755-10-01,9.97,3.931,,,,,,
1755-11-01,5.958,4.021,,,,,,
1755-12-01,2.564,3.215,,,,,,
1756-01-01,3.887,3.513,,,,,,
1756-02-01,5.666,4.265,,,,,,
1756-03-01,4.192,5.574,,,,,,
1756-04-01,10.042,3.752,,,,,,
1756-05-01,14.164,2.608,,,,,,
1756-06-01,14.547,3.213,,,,,,
1756-07-01,13.906,2.192,,,,,,
1756-08-01,13.437,2.175,,,,,,
1756-09-01,12.652,2.954,,,,,,
1756-10-01,7.312,2.201,,,,,,
1756-11-01,4.225,2.86,,,,,,
1756-12-01,2.165,3.841,,,,,,
1757-01-01,-0.276,4.022,,,,,,
1757-02-01,3.704,4.261,,,,,,
1757-03-01,4.529,3.638,,,,,,
1757-04-01,8.246,4.304,,,,,,
1757-05-01,13.039,4.98,,,,,,
1757-06-01,17.115,4.59,,,,,,
1757-07-01,17.61,4.322,,,,,,
1757-08-01,17.91,4.035,,,,,,
1757-09-01,14.852,3.189,,,,,,
1757-10-01,6.482,3.173,,,,,,
1757-11-01,4.032,2.643,,,,,,
1757-12-01,1.021,5.155,,,,,,
1758-01-01,-1.503,7.349,,,,,,
1758-02-01,0.806,3.753,,,,,,
1758-03-01,3.765,3.368,,,,,,
1758-04-01,7.21,2.986,,,,,,
1758-05-01,9.715,3.091,,,,,,
1758-06-01,13.139,2.055,,,,,,
1758-07-01,13.847,3.608,,,,,,
1758-08-01,11.818,2.979,,,,,,
1758-09-01,10.028,2.347,,,,,,
1758-10-01,1.894,2.332,,,,,,
1758-11-01,6.955,3.243,,,,,,
1758-12-01,3.249,3.244,,,,,,
1759-01-01,5.014,3.673,,,,,,
1759-02-01,4.082,5.966,,,,,,
1759-03-01,4.52,3.958,,,,,,
1759-04-01,5.983,3.159,,,,,,
1759-05-01,10.189,2.503,,,,,,
1759-06-01,13.512,2.232,,,,,,
1759-07-01,12.526,2.65,,,,,,
1759-08-01,14.587,5.626,,,,,,
1759-09-01,12.626,3.235,,,,,,
1759-10-01,8.267,2.983,,,,,,
1759-11-01,4.268,3.167,,,,,,
1759-12-01,0.247,4.995,,,,,,
1760-01-01,-0.811,4.567,,,,,,
1760-02-01,2.436,3.535,,,,,,
1760-03-01,1.864,4.666,,,,,,
1760-04-01,7.436,2.669,,,,,,
1760-05-01,10.661,1.857,,,,,,
1760-06-01,11.945,2.14,,,,,,
1760-07-01,12.887,2.567,,,,,,
1760-08-01,13.917,2.789,,,,,,
1760-09-01,11.197,3.865,,,,,,
1760-10-01,6.701,3.422,,,,,,
1760-11-01,5.436,2.348,,,,,,
1760-12-01,2.553,2.642,,,,,,
1761-01-01,0.6,4.779,,,,,,
1761-02-01,2.735,3.775,,,,,,
1761-03-01,5.976,3.225,,,,,,
1761-04-01,7.321,1.652,,,,,,
1761-05-01,13.451,1.709,,,,,,
1761-06-01,16.821,3.166,,,,,,
1761-07-01,19.021,2.696,,,,,,
1761-08-01,15.331,2.013,,,,,,
1761-09-01,12.535,4.075,,,,,,
1761-10-01,7.227,3.932,,,,,,
1761-11-01,5.089,2.248,,,,,,
1761-12-01,-0.837,4.468,,,,,,
1762-01-01,6.866,3.776,,,,,,
1762-02-01,4.801,7.88,,,,,,
1762-03-01,3.528,4.139,,,,,,
1762-04-01,9.019,2.199,,,,,,
1762-05-01,10.881,3.044,,,,,,
1762-06-01,13.499,3.311,,,,,,
1762-07-01,14.72,1.966,,,,,,
1762-08-01,13.992,3.329,,,,,,
1762-09-01,10.326,3.226,,,,,,
1762-10-01,6.156,2.879,,,,,,
1762-11-01,6.367,3.354,,,,,,
1762-12-01,3.123,3.188,,,,,,
1763-01-01,1.369,6.415,,,,,,
1763-02-01,0.771,4.102,,,,,,
1763-03-01,1.576,4.635,,,,,,
1763-04-01,7.871,2.275,,,,,,
1763-05-01,10.701,2.736,,,,,,
1763-06-01,12.271,2.224,,,,,,
1763-07-01,16.391,1.754,,,,,,
1763-08-01,14.126,2.157,,,,,,
1763-09-01,11.378,2.827,,,,,,
1763-10-01,5.535,2.961,,,,,,
1763-11-01,4.588,2.08,,,,,,
1763-12-01,3.384,3.653,,,,,,
1764-01-01,1.741,3.628,,,,,,
1764-02-01,6.162,2.868,,,,,,
1764-03-01,5.521,2.488,,,,,,
1764-04-01,7.88,3.159,,,,,,
1764-05-01,11.175,4.55,,,,,,
1764-06-01,11.723,1.707,,,,,,
1764-07-01,12.507,3.256,,,,,,
1764-08-01,12.282,1.259,,,,,,
1764-09-01,10.696,2.236,,,,,,
1764-10-01,10.011,2.515,,,,,,
1764-11-01,5.791,2.828,,,,,,
1764-12-01,5.315,2.809,,,,,,
1765-01-01,3.78,4.928,,,,,,
1765-02-01,3.832,3.156,,,,,,
1765-03-01,6.859,2.442,,,,,,
1765-04-01,9.013,1.448,,,,,,
1765-05-01,10.734,1.928,,,,,,
1765-06-01,10.833,1.453,,,,,,
1765-07-01,13.953,2.375,,,,,,
1765-08-01,13.12,1.872,,,,,,
1765-09-01,10.993,1.705,,,,,,
1765-10-01,7.904,1.533,,,,,,
1765-11-01,5.603,3.737,,,,,,
1765-12-01,2.399,2.556,,,,,,
1766-01-01,-0.793,4.766,,,,,,
1766-02-01,4.896,3.741,,,,,,
1766-03-01,6.062,2.802,,,,,,
1766-04-01,8.007,2.084,,,,,,
1766-05-01,11.228,1.555,,,,,,
1766-06-01,13.653,3.745,,,,,,
1766-07-01,13.555,2.341,,,,,,
1766-08-01,13.758,2.598,,,,,,
1766-09-01,12.25,2.855,,,,,,
1766-10-01,8.465,1.491,,,,,,
1766-11-01,7.454,3.774,,,,,,
1766-12-01,2.333,2.278,,,,,,
1767-01-01,-0.643,5.656,,,,,,
1767-02-01,3.932,4.973,,,,,,
1767-03-01,7.022,4.418,,,,,,
1767-04-01,6.278,3.557,,,,,,
1767-05-01,10.193,1.501,,,,,,
1767-06-01,14.112,1.426,,,,,,
1767-07-01,13.361,2.559,,,,,,
1767-08-01,14.597,1.466,,,,,,
1767-09-01,11.675,2.313,,,,,,
1767-10-01,9.027,1.611,,,,,,
1767-11-01,7.915,3.775,,,,,,
1767-12-01,1.189,2.297,,,,,,
1768-01-01,-2.08,3.027,,,,,,
1768-02-01,0.506,3.04,,,,,,
1768-03-01,2.446,2.157,,,,,,
1768-04-01,6.92,1.84,,,,,,
1768-05-01,9.066,2.433,,,,,,
1768-06-01,12.49,1.729,,,,,,
1768-07-01,13.875,2.552,,,,,,
1768-08-01,12.352,2.046,,,,,,
1768-09-01,10.824,1.504,,,,,,
1768-10-01,7.729,2.558,,,,,,
1768-11-01,4.581,2.02,,,,,,
1768-12-01,2.667,2.286,,,,,,
1769-01-01,2.305,3.76,,,,,,
1769-02-01,2.164,2.527,,,,,,
1769-03-01,4.57,2.225,,,,,,
1769-04-01,8.967,3.105,,,,,,
1769-05-01,12.873,1.753,,,,,,
1769-06-01,15.142,1.727,,,,,,
1769-07-01,14.461,3.669,,,,,,
1769-08-01,13.494,1.604,,,,,,
1769-09-01,11.25,1.598,,,,,,
1769-10-01,5.297,2.395,,,,,,
1769-11-01,2.79,2.267,,,,,,
1769-12-01,-0.978,2.291,,,,,,
1770-01-01,1.974,4.275,,,,,,
1770-02-01,4.105,4.129,,,,,,
1770-03-01,1.612,2.276,,,,,,
1770-04-01,9.788,3.516,,,,,,
1770-05-01,9.996,1.27,,,,,,
1770-06-01,11.884,3.395,,,,,,
1770-07-01,11.621,2.658,,,,,,
1770-08-01,11.413,3.14,,,,,,
1770-09-01,10.724,1.51,,,,,,
1770-10-01,8.661,1.603,,,,,,
1770-11-01,5.791,2.726,,,,,,
1770-12-01,4.734,2.87,,,,,,
1771-01-01,5.101,4.287,,,,,,
1771-02-01,-0.274,3.218,,,,,,
1771-03-01,2.814,3.237,,,,,,
1771-04-01,5.717,2.647,,,,,,
1771-05-01,9.626,3.088,,,,,,
1771-06-01,14.104,1.403,,,,,,
1771-07-01,13.828,1.435,,,,,,
1771-08-01,14.204,2.246,,,,,,
1771-09-01,11.363,1.515,,,,,,
1771-10-01,10.317,1.721,,,,,,
1771-11-01,4.916,2.952,,,,,,
1771-12-01,2.522,3.506,,,,,,
1772-01-01,1.253,4.624,,,,,,
1772-02-01,1.478,5.963,,,,,,
1772-03-01,3.057,2.206,,,,,,
1772-04-01,8.858,1.524,,,,,,
1772-05-01,9.531,1.844,,,,,,
1772-06-01,12.647,2.429,,,,,,
1772-07-01,14.581,1.409,,,,,,
1772-08-01,14.098,1.641,,,,,,
1772-09-01,10.303,1.334,,,,,,
1772-10-01,9.268,1.386,,,,,,
1772-11-01,7.736,2.582,,,,,,
1772-12-01,5.512,2.624,,,,,,
1773-01-01,-0.437,2.933,,,,,,
1773-02-01,1.421,3.021,,,,,,
1773-03-01,4.422,2.083,,,,,,
1773-04-01,9.415,2.095,,,,,,
1773-05-01,12.764,2.537,,,,,,
1773-06-01,12.811,1.259,,,,,,
1773-07-01,14.484,1.085,,,,,,
1773-08-01,13.624,1.162,,,,,,
1773-09-01,12.488,1.676,,,,,,
1773-10-01,9.206,1.874,,,,,,
1773-11-01,3.369,4.817,,,,,,
1773-12-01,5.091,3.787,,,,,,
1774-01-01,-0.325,4.557,,,,,,
1774-02-01,4.914,5.124,,,,,,
1774-03-01,5.643,2.779,,,,,,
1774-04-01,10.153,3.849,,,,,,
1774-05-01,16.025,2.535,,,,,,
1774-06-01,15.371,3.891,,,,,,
1774-07-01,16.521,3.806,,,,,,
1774-08-01,14.099,1.947,,,,,,
1774-09-01,10.936,2.115,,,,,,
1774-10-01,8.59,2.625,,,,,,
1774-11-01,3.029,4.483,,,,,,
1774-12-01,0.31,3.271,,,,,,
1775-01-01,4.261,3.435,,,,,,
1775-02-01,6.427,3.139,,,,,,
1775-03-01,7.759,2.394,,,,,,
1775-04-01,7.952,1.538,,,,,,
1775-05-01,11.399,1.846,,,,,,
1775-06-01,12.314,2.805,,,,,,
1775-07-01,14.719,1.058,,,,,,
1775-08-01,14.435,1.093,,,,,,
1775-09-01,11.096,1.459,,,,,,
1775-10-01,10.372,2.116,,,,,,
1775-11-01,8.179,4.56,,,,,,
1775-12-01,1.284,2.404,,,,,,
1776-01-01,-0.806,4.467,,,,,,
1776-02-01,4.825,3.762,,,,,,
1776-03-01,4.652,2.388,,,,,,
1776-04-01,7.44,1.404,,,,,,
1776-05-01,10.475,5.237,,,,,,
1776-06-01,14.564,2.433,,,,,,
1776-07-01,14.108,1.303,,,,,,
1776-08-01,14.837,3.437,,,,,,
1776-09-01,10.602,2.065,,,,,,
1776-10-01,8.06,2.152,,,,,,
1776-11-01,5.87,2.788,,,,,,
1776-12-01,5.021,2.934,,,,,,
1777-01-01,6.021,3.11,,,,,,
1777-02-01,4.919,5.268,,,,,,
1777-03-01,5.572,2.307,,,,,,
1777-04-01,6.362,1.401,,,,,,
1777-05-01,11.389,2.117,,,,,,
1777-06-01,12.323,1.607,,,,,,
1777-07-01,12.743,1.078,,,,,,
1777-08-01,12.815,1.269,,,,,,
1777-09-01,11.379,2.692,,,,,,
1777-10-01,6.956,3.464,,,,,,
1777-11-01,5.529,2.276,,,,,,
1777-12-01,3.067,2.725,,,,,,
1778-01-01,2.521,3.544,,,,,,
1778-02-01,6.094,3.569,,,,,,
1778-03-01,4.604,4.151,,,,,,
1778-04-01,10.984,1.69,,,,,,
1778-05-01,11.286,1.673,,,,,,
1778-06-01,11.731,3.975,,,,,,
1778-07-01,15.037,2.216,,,,,,
1778-08-01,12.869,2.658,,,,,,
1778-09-01,13.377,2.35,,,,,,
1778-10-01,8.049,3.608,,,,,,
1778-11-01,3.854,2.675,,,,,,
1778-12-01,2.101,2.361,,,,,,
1779-01-01,1.47,2.802,,,,,,
1779-02-01,5.14,4.959,,,,,,
1779-03-01,6.967,3.017,,,,,,
1779-04-01,9.965,3.086,,,,,,
1779-05-01,14.18,1.863,,,,,,
1779-06-01,12.547,2.14,,,,,,
1779-07-01,13.659,1.858,,,,,,
1779-08-01,13.799,1.478,,,,,,
1779-09-01,12.683,1.809,,,,,,
1779-10-01,9.35,1.544,,,,,,
1779-11-01,5.77,2.258,,,,,,
1779-12-01,2.269,3.256,,,,,,
1780-01-01,2.515,3.438,,,,,,
1780-02-01,4.08,3.179,,,,,,
1780-03-01,5.724,2.381,,,,,,
1780-04-01,13.732,3.058,,,,,,
1780-05-01,15.757,1.419,,,,,,
1780-06-01,14.747,2.981,,,,,,
1780-07-01,16.183,1.3,,,,,,
1780-08-01,12.947,3.131,,,,,,
1780-09-01,8.844,2.104,,,,,,
1780-10-01,9.376,1.873,,,,,,
1780-11-01,6.706,2.596,,,,,,
1780-12-01,2.584,3.558,,,,,,
1781-01-01,2.401,4.948,,,,,,
1781-02-01,2.267,3.581,,,,,,
1781-03-01,4.772,2.443,,,,,,
1781-04-01,6.923,2.076,,,,,,
1781-05-01,11.102,1.838,,,,,,
1781-06-01,11.678,1.385,,,,,,
1781-07-01,14.285,1.696,,,,,,
1781-08-01,14.141,1.004,,,,,,
1781-09-01,10.304,3.69,,,,,,
1781-10-01,8.547,1.282,,,,,,
1781-11-01,7.523,1.676,,,,,,
1781-12-01,3.288,4.427,,,,,,
1782-01-01,0.341,3.547,,,,,,
1782-02-01,0.639,4.862,,,,,,
1782-03-01,2.565,2.221,,,,,,
1782-04-01,8.618,2.154,,,,,,
1782-05-01,10.99,1.474,,,,,,
1782-06-01,13.801,1.517,,,,,,
1782-07-01,13.925,2.96,,,,,,
1782-08-01,15.683,2.487,,,,,,
1782-09-01,12.398,1.728,,,,,,
1782-10-01,8.978,1.826,,,,,,
1782-11-01,4.956,2.473,,,,,,
1782-12-01,1.921,3.358,,,,,,
1783-01-01,-1.431,5.293,,,,,,
1783-02-01,5.294,3.683,,,,,,
1783-03-01,4.799,2.597,,,,,,
1783-04-01,8.574,1.564,,,,,,
1783-05-01,11.819,2.906,,,,,,
1783-06-01,14.34,1.541,,,,,,
1783-07-01,13.069,1.343,,,,,,
1783-08-01,13.971,1.613,,,,,,
1783-09-01,9.958,1.439,,,,,,
1783-10-01,7.357,2.621,,,,,,
1783-11-01,2.196,2.2,,,,,,
1783-12-01,2.224,3.133,,,,,,
1784-01-01,2.596,3.347,,,,,,
1784-02-01,0.989,2.842,,,,,,
1784-03-01,3.919,3.258,,,,,,
1784-04-01,8.142,1.272,,,,,,
1784-05-01,10.013,1.538,,,,,,
1784-06-01,12.803,1.8,,,,,,
1784-07-01,14.947,1.803,,,,,,
1784-08-01,15.861,2.595,,,,,,
1784-09-01,10.266,1.068,,,,,,
1784-10-01,6.836,1.68,,,,,,
1784-11-01,4.557,2.522,,,,,,
1784-12-01,3.415,3.343,,,,,,
1785-01-01,0.865,2.754,,,,,,
1785-02-01,1.045,2.408,,,,,,
1785-03-01,2.289,4.215,,,,,,
1785-04-01,6.379,1.45,,,,,,
1785-05-01,9.853,2.088,,,,,,
1785-06-01,13.744,2.653,,,,,,
1785-07-01,14.468,2.215,,,,,,
1785-08-01,14.466,2.046,,,,,,
1785-09-01,10.497,1.143,,,,,,
1785-10-01,7.351,1.732,,,,,,
1785-11-01,5.526,2.261,,,,,,
1785-12-01,1.873,1.909,,,,,,
1786-01-01,0.763,2.436,,,,,,
1786-02-01,2.657,2.463,,,,,,
1786-03-01,5.648,2.27,,,,,,
1786-04-01,9.318,3.079,,,,,,
1786-05-01,11.583,2.387,,,,,,
1786-06-01,13.035,1.295,,,,,,
1786-07-01,15.294,2.311,,,,,,
1786-08-01,14.455,3.35,,,,,,
1786-09-01,12.158,2.933,,,,,,
1786-10-01,7.712,1.438,,,,,,
1786-11-01,5.741,3.837,,,,,,
1786-12-01,0.734,2.506,,,,,,
1787-01-01,2.845,3.176,,,,,,
1787-02-01,2.563,2.842,,,,,,
1787-03-01,4.698,3.126,,,,,,
1787-04-01,7.772,1.522,,,,,,
1787-05-01,11.403,1.364,,,,,,
1787-06-01,14.369,2.099,,,,,,
1787-07-01,13.451,2.425,,,,,,
1787-08-01,13.555,1.437,,,,,,
1787-09-01,10.357,1.563,,,,,,
1787-10-01,7.772,3.312,,,,,,
1787-11-01,5.801,2.844,,,,,,
1787-12-01,1.796,2.631,,,,,,
1788-01-01,0.735,2.993,,,,,,
1788-02-01,3.581,4.039,,,,,,
1788-03-01,5.336,3.057,,,,,,
1788-04-01,8.714,2.657,,,,,,
1788-05-01,10.428,1.336,,,,,,
1788-06-01,13.808,1.262,,,,,,
1788-07-01,16.468,2.916,,,,,,
1788-08-01,13.885,1.532,,,,,,
1788-09-01,11.699,1.261,,,,,,
1788-10-01,9.349,2.132,,,,,,
1788-11-01,6.111,1.682,,,,,,
1788-12-01,1.252,5.827,,,,,,
1789-01-01,3.706,4.039,,,,,,
1789-02-01,1.675,2.576,,,,,,
1789-03-01,3.989,1.595,,,,,,
1789-04-01,7.694,1.507,,,,,,
1789-05-01,11.666,2.228,,,,,,
1789-06-01,13.507,1.042,,,,,,
1789-07-01,15.462,1.922,,,,,,
1789-08-01,13.84,1.298,,,,,,
1789-09-01,12.018,1.189,,,,,,
1789-10-01,7.39,1.836,,,,,,
1789-11-01,5.964,1.586,,,,,,
1789-12-01,3.099,1.606,,,,,,
1790-01-01,2.444,1.94,,,,,,
1790-02-01,2.973,2.598,,,,,,
1790-03-01,4.582,1.914,,,,,,
1790-04-01,6.053,2.314,,,,,,
1790-05-01,10.357,1.057,,,,,,
1790-06-01,13.746,1.226,,,,,,
1790-07-01,13.812,1.657,,,,,,
1790-08-01,13.925,1.269,,,,,,
1790-09-01,11.233,1.524,,,,,,
1790-10-01,8.577,1.297,,,,,,
1790-11-01,5.331,1.565,,,,,,
1790-12-01,2.755,2.899,,,,,,
1791-01-01,1.493,5.035,,,,,,
1791-02-01,3.466,2.44,,,,,,
1791-03-01,4.79,2.249,,,,,,
1791-04-01,9.127,1.617,,,,,,
1791-05-01,9.859,1.256,,,,,,
1791-06-01,13.231,1.314,,,,,,
1791-07-01,13.612,1.059,,,,,,
1791-08-01,13.744,0.807,,,,,,
1791-09-01,11.677,1.248,,,,,,
1791-10-01,8.08,1.019,,,,,,
1791-11-01,6.206,1.793,,,,,,
1791-12-01,3.526,1.568,,,,,,
1792-01-01,0.348,2.516,,,,,,
1792-02-01,3.62,2.434,,,,,,
1792-03-01,4.429,1.692,,,,,,
1792-04-01,7.994,1.368,,,,,,
1792-05-01,11.321,1.101,,,,,,
1792-06-01,13.581,1.406,,,,,,
1792-07-01,14.212,1.362,,,,,,
1792-08-01,12.281,1.395,,,,,,
1792-09-01,12.491,1.072,,,,,,
1792-10-01,8.097,1.39,,,,,,
1792-11-01,5.306,2.145,,,,,,
1792-12-01,3.388,2.524,,,,,,
1793-01-01,0.521,2.674,,,,,,
1793-02-01,4.745,2.624,,,,,,
1793-03-01,5.042,2.145,,,,,,
1793-04-01,8.643,1.904,,,,,,
1793-05-01,11.059,1.544,,,,,,
1793-06-01,13.146,1.91,,,,,,
1793-07-01,14.336,2.864,,,,,,
1793-08-01,13.16,1.746,,,,,,
1793-09-01,12.002,2.325,,,,,,
1793-10-01,8.393,1.661,,,,,,
1793-11-01,5.666,3.635,,,,,,
1793-12-01,2.037,2.261,,,,,,
1794-01-01,3.71,3.869,,,,,,
1794-02-01,3.605,5.138,,,,,,
1794-03-01,5.696,1.805,,,,,,
1794-04-01,9.367,1.219,,,,,,
1794-05-01,12.376,1.063,,,,,,
1794-06-01,11.994,1.159,,,,,,
1794-07-01,12.874,1.283,,,,,,
1794-08-01,13.484,0.989,,,,,,
1794-09-01,11.896,1.57,,,,,,
1794-10-01,9.108,1.29,,,,,,
1794-11-01,5.284,2.087,,,,,,
1794-12-01,2.918,2.276,,,,,,
1795-01-01,2.731,2.506,,,,,,
1795-02-01,4.39,3.336,,,,,,
1795-03-01,5.709,1.959,,,,,,
1795-04-01,8.918,1.88,,,,,,
1795-05-01,11.029,2.444,,,,,,
1795-06-01,13.293,0.987,,,,,,
1795-07-01,14.295,2.165,,,,,,
1795-08-01,13.14,1.135,,,,,,
1795-09-01,11.133,1.397,,,,,,
1795-10-01,7.786,2.202,,,,,,
1795-11-01,5.207,2.269,,,,,,
1795-12-01,2.573,2.24,,,,,,
1796-01-01,2.844,2.096,,,,,,
1796-02-01,2.736,2.019,,,,,,
1796-03-01,3.477,2.044,,,,,,
1796-04-01,7.773,1.16,,,,,,
1796-05-01,11.273,0.955,,,,,,
1796-06-01,14.216,2.923,,,,,,
1796-07-01,14.314,0.964,,,,,,
1796-08-01,14.722,2.777,,,,,,
1796-09-01,12.012,1.919,,,,,,
1796-10-01,8.924,1.283,,,,,,
1796-11-01,5.702,1.456,,,,,,
1796-12-01,1.259,3.452,,,,,,
1797-01-01,4.396,2.397,,,,,,
1797-02-01,4.957,2.564,,,,,,
1797-03-01,4.056,2.948,,,,,,
1797-04-01,6.6,3.311,,,,,,
1797-05-01,10.417,2.432,,,,,,
1797-06-01,13.852,1.014,,,,,,
1797-07-01,14.107,1.613,,,,,,
1797-08-01,14.04,1.713,,,,,,
1797-09-01,12.459,1.772,,,,,,
1797-10-01,9.191,1.332,,,,,,
1797-11-01,4.777,1.727,,,,,,
1797-12-01,3.275,1.725,,,,,,
1798-01-01,2.679,1.967,,,,,,
1798-02-01,3.213,2.034,,,,,,
1798-03-01,7.008,2.537,,,,,,
1798-04-01,8.083,1.85,,,,,,
1798-05-01,11.769,2.029,,,,,,
1798-06-01,13.246,0.793,,,,,,
1798-07-01,14.951,1.281,,,,,,
1798-08-01,14.754,2.047,,,,,,
1798-09-01,11.627,1.687,,,,,,
1798-10-01,8.655,1.024,,,,,,
1798-11-01,6.031,2.629,,,,,,
1798-12-01,2.027,2.962,,,,,,
1799-01-01,1.923,2.229,,,,,,
1799-02-01,2.078,2.891,,,,,,
1799-03-01,3.986,1.562,,,,,,
1799-04-01,8.786,2.533,,,,,,
1799-05-01,11.353,1.545,,,,,,
1799-06-01,13.68,0.873,,,,,,
1799-07-01,14.869,1.308,,,,,,
1799-08-01,14.086,1.083,,,,,,
1799-09-01,12.311,1.378,,,,,,
1799-10-01,9.606,1.369,,,,,,
1799-11-01,5.904,1.894,,,,,,
1799-12-01,3.487,2.196,,,,,,
1800-01-01,2.815,1.844,,,,,,
1800-02-01,3.634,2.6,,,,,,
1800-03-01,4.452,2.613,,,,,,
1800-04-01,9.125,2.168,,,,,,
1800-05-01,11.097,1.725,,,,,,
1800-06-01,13.606,1.169,,,,,,
1800-07-01,13.763,0.933,,,,,,
1800-08-01,13.619,1.417,,,,,,
1800-09-01,10.795,1.62,,,,,,
1800-10-01,9.469,1.643,,,,,,
1800-11-01,5.572,1.264,,,,,,
1800-12-01,3.864,1.628,,,,,,
1801-01-01,2.687,1.922,,,,,,
1801-02-01,3.149,2.045,,,,,,
1801-03-01,6.455,1.336,,,,,,
1801-04-01,7.404,1.619,,,,,,
1801-05-01,12.123,1.541,,,,,,
1801-06-01,12.536,0.877,,,,,,
1801-07-01,14.676,1.56,,,,,,
1801-08-01,13.187,1.223,,,,,,
1801-09-01,11.462,1.384,,,,,,
1801-10-01,9.099,1.267,,,,,,
1801-11-01,5.72,1.681,,,,,,
1801-12-01,4.578,2.525,,,,,,
1802-01-01,3.74,1.905,,,,,,
1802-02-01,2.828,2.053,,,,,,
1802-03-01,5.201,2.706,,,,,,
1802-04-01,7.623,1.464,,,,,,
1802-05-01,10.457,1.82,,,,,,
1802-06-01,14.471,1.253,,,,,,
1802-07-01,14.628,1.155,,,,,,
1802-08-01,14.039,1.586,,,,,,
1802-09-01,11.788,2.141,,,,,,
1802-10-01,9.747,1.612,,,,,,
1802-11-01,5.535,2.146,,,,,,
1802-12-01,2.881,2.347,,,,,,
1803-01-01,0.602,2.026,,,,,,
1803-02-01,1.443,2.887,,,,,,
1803-03-01,4.875,2.061,,,,,,
1803-04-01,9.291,1.914,,,,,,
1803-05-01,11.795,0.898,,,,,,
1803-06-01,13.821,0.766,,,,,,
1803-07-01,15.106,0.944,,,,,,
1803-08-01,15.366,1.252,,,,,,
1803-09-01,12.33,1.259,,,,,,
1803-10-01,9.119,1.479,,,,,,
1803-11-01,5.961,1.843,,,,,,
1803-12-01,2.327,2.269,,,,,,
1804-01-01,2.445,2.683,,,,,,
1804-02-01,1.939,2.293,,,,,,
1804-03-01,4.425,2.186,,,,,,
1804-04-01,10.057,1.117,,,,,,
1804-05-01,12.107,1.274,,,,,,
1804-06-01,13.774,1.58,,,,,,
1804-07-01,15.774,1.318,,,,,,
1804-08-01,14.511,1.08,,,,,,
1804-09-01,12.468,2.644,,,,,,
1804-10-01,9.282,1.231,,,,,,
1804-11-01,7.132,2.099,,,,,,
1804-12-01,2.224,2.597,,,,,,
1805-01-01,2.822,2.512,,,,,,
1805-02-01,2.557,2.455,,,,,,
1805-03-01,5.76,1.498,,,,,,
1805-04-01,8.123,1.291,,,,,,
1805-05-01,11.104,1.216,,,,,,
1805-06-01,14.027,1.368,,,,,,
1805-07-01,14.702,1.151,,,,,,
1805-08-01,15.27,1.021,,,,,,
1805-09-01,12.039,1.831,,,,,,
1805-10-01,7.636,1.603,,,,,,
1805-11-01,4.555,2.399,,,,,,
1805-12-01,4.158,1.922,,,,,,
1806-01-01,2.917,2.167,,,,,,
1806-02-01,2.937,2.079,,,,,,
1806-03-01,4.691,1.557,,,,,,
1806-04-01,8.032,1.772,,,,,,
1806-05-01,11.503,1.426,,,,,,
1806-06-01,12.418,0.837,,,,,,
1806-07-01,13.923,1.505,,,,,,
1806-08-01,14.593,1.361,,,,,,
1806-09-01,12.549,1.753,,,,,,
1806-10-01,8.426,1.113,,,,,,
1806-11-01,5.231,1.542,,,,,,
1806-12-01,3.989,1.729,,,,,,
1807-01-01,1.055,2.393,,,,,,
1807-02-01,4.094,2.677,,,,,,
1807-03-01,4.788,2.253,,,,,,
1807-04-01,6.971,1.26,,,,,,
1807-05-01,9.331,0.93,,,,,,
1807-06-01,13.293,1.271,,,,,,
1807-07-01,14.138,1.605,,,,,,
1807-08-01,13.799,1.525,,,,,,
1807-09-01,12.615,1.18,,,,,,
1807-10-01,8.857,1.193,,,,,,
1807-11-01,6.015,1.588,,,,,,
1807-12-01,4.421,1.232,,,,,,
1808-01-01,1.131,4.111,,,,,,
1808-02-01,2.142,2.175,,,,,,
1808-03-01,4.361,3.02,,,,,,
1808-04-01,7.482,1.459,,,,,,
1808-05-01,9.357,2.068,,,,,,
1808-06-01,13.429,1.585,,,,,,
1808-07-01,14.491,1.676,,,,,,
1808-08-01,13.047,1.227,,,,,,
1808-09-01,12.711,1.688,,,,,,
1808-10-01,7.972,1.48,,,,,,
1808-11-01,4.512,1.772,,,,,,
1808-12-01,0.887,1.701,,,,,,
1809-01-01,0.208,2.59,,,,,,
1809-02-01,0.856,2.818,,,,,,
1809-03-01,3.425,1.666,,,,,,
1809-04-01,7.833,2.498,,,,,,
1809-05-01,9.243,1.304,,,,,,
1809-06-01,12.998,1.348,,,,,,
1809-07-01,12.656,1.481,,,,,,
1809-08-01,12.905,1.667,,,,,,
1809-09-01,10.967,1.633,,,,,,
1809-10-01,8.65,3.554,,,,,,
1809-11-01,3.099,2.478,,,,,,
1809-12-01,2.077,2.588,,,,,,
1810-01-01,0.888,3.258,,,,,,
1810-02-01,2.391,2.403,,,,,,
1810-03-01,5.014,4.457,,,,,,
1810-04-01,6.533,2.229,,,,,,
1810-05-01,9.069,1.907,,,,,,
1810-06-01,11.934,2.281,,,,,,
1810-07-01,12.551,2.016,,,,,,
1810-08-01,12.041,1.212,,,,,,
1810-09-01,9.532,1.247,,,,,,
1810-10-01,6.632,1.989,,,,,,
1810-11-01,3.827,2.64,,,,,,
1810-12-01,2.66,2.093,,,,,,
1811-01-01,1.374,2.323,,,,,,
1811-02-01,0.45,3.475,,,,,,
1811-03-01,3.701,1.808,,,,,,
1811-04-01,6.302,1.422,,,,,,
1811-05-01,9.443,1.663,,,,,,
1811-06-01,12.137,1.706,,,,,,
1811-07-01,11.956,1.383,,,,,,
1811-08-01,13.326,2.289,,,,,,
1811-09-01,10.368,1.931,,,,,,
1811-10-01,6.58,2.863,,,,,,
1811-11-01,3.503,1.802,,,,,,
1811-12-01,3.174,2.484,,,,,,
1812-01-01,0.977,4.545,,,,,,
1812-02-01,0.131,3.062,,,,,,
1812-03-01,2.044,1.805,,,,,,
1812-04-01,6.95,1.984,,,,,,
1812-05-01,9.58,1.279,,,,,,
1812-06-01,12.005,1.174,,,,,,
1812-07-01,14.355,1.463,,,,,,
1812-08-01,15.018,1.746,,,,,,
1812-09-01,10.185,2.052,,,,,,
1812-10-01,7.593,1.793,,,,,,
1812-11-01,4.369,2.585,,,,,,
1812-12-01,1.348,2.139,,,,,,
1813-01-01,-1.385,2.191,,,,,,
1813-02-01,2.258,1.958,,,,,,
1813-03-01,1.596,1.622,,,,,,
1813-04-01,8.182,1.486,,,,,,
1813-05-01,11.367,3.826,,,,,,
1813-06-01,13.242,1.138,,,,,,
1813-07-01,14.521,0.877,,,,,,
1813-08-01,13.097,0.995,,,,,,
1813-09-01,12.339,1.743,,,,,,
1813-10-01,8.666,1.565,,,,,,
1813-11-01,6.825,1.315,,,,,,
1813-12-01,2.171,1.79,,,,,,
1814-01-01,1.502,2.622,,,,,,
1814-02-01,1.689,2.121,,,,,,
1814-03-01,2.664,2.259,,,,,,
1814-04-01,7.193,1.5,,,,,,
1814-05-01,9.417,2.321,,,,,,
1814-06-01,12.818,0.989,,,,,,
1814-07-01,12.532,1.852,,,,,,
1814-08-01,12.668,1.453,,,,,,
1814-09-01,10.676,1.332,,,,,,
1814-10-01,7.374,1.847,,,,,,
1814-11-01,6.739,3.428,,,,,,
1814-12-01,5.829,4.298,,,,,,
1815-01-01,2.051,2.033,,,,,,
1815-02-01,2.273,2.386,,,,,,
1815-03-01,3.663,2.328,,,,,,
1815-04-01,6.588,2.341,,,,,,
1815-05-01,9.845,1.812,,,,,,
1815-06-01,11.162,1.242,,,,,,
1815-07-01,14.394,2.371,,,,,,
1815-08-01,13.209,1.348,,,,,,
1815-09-01,11.151,1.503,,,,,,
1815-10-01,7.137,2.295,,,,,,
1815-11-01,4.178,1.732,,,,,,
1815-12-01,1.221,2.207,,,,,,
1816-01-01,2.737,2.724,,,,,,
1816-02-01,0.676,2.947,,,,,,
1816-03-01,3.905,1.928,,,,,,
1816-04-01,7.606,2.129,,,,,,
1816-05-01,10.594,1.804,,,,,,
1816-06-01,11.79,1.087,,,,,,
1816-07-01,12.267,1.538,,,,,,
1816-08-01,12.57,1.257,,,,,,
1816-09-01,10.39,0.707,,,,,,
1816-10-01,5.699,3.583,,,,,,
1816-11-01,4.058,3.81,,,,,,
1816-12-01,0.958,2.801,,,,,,
1817-01-01,1.54,2.451,,,,,,
1817-02-01,3.649,2.547,,,,,,
1817-03-01,4.569,2.153,,,,,,
1817-04-01,7.889,1.836,,,,,,
1817-05-01,9.476,1.394,,,,,,
1817-06-01,11.287,1.25,,,,,,
1817-07-01,12.072,1.057,,,,,,
1817-08-01,13.403,1.307,,,,,,
1817-09-01,8.812,1.178,,,,,,
1817-10-01,6.203,1.963,,,,,,
1817-11-01,4.638,1.691,,,,,,
1817-12-01,0.17,1.673,,,,,,
1818-01-01,1.204,1.775,,,,,,
1818-02-01,0.755,1.912,,,,,,
1818-03-01,5.565,2.177,,,,,,
1818-04-01,9.901,2.662,,,,,,
1818-05-01,11.247,1.457,,,,,,
1818-06-01,13.825,2.26,,,,,,
1818-07-01,13.51,1.9,,,,,,
1818-08-01,13.166,0.996,,,,,,
1818-09-01,10.578,1.063,,,,,,
1818-10-01,6.654,1.704,,,,,,
1818-11-01,5.035,2.807,,,,,,
1818-12-01,2.507,1.236,,,,,,
1819-01-01,1.014,1.984,,,,,,
1819-02-01,2.286,1.995,,,,,,
1819-03-01,2.931,2.93,,,,,,
1819-04-01,7.029,1.344,,,,,,
1819-05-01,9.851,1.112,,,,,,
1819-06-01,12.526,1.539,,,,,,
1819-07-01,13.038,1.17,,,,,,
1819-08-01,12.557,1.124,,,,,,
1819-09-01,10.894,1.052,,,,,,
1819-10-01,9.312,1.223,,,,,,
1819-11-01,5.15,1.627,,,,,,
1819-12-01,1.842,1.883,,,,,,
1820-01-01,1.236,3.9,,,,,,
1820-02-01,2.145,2.004,,,,,,
1820-03-01,4.618,1.945,,,,,,
1820-04-01,8.7,1.168,,,,,,
1820-05-01,11.62,1.256,,,,,,
1820-06-01,13.323,0.912,,,,,,
1820-07-01,13.311,1.375,,,,,,
1820-08-01,11.978,1.317,,,,,,
1820-09-01,11.16,1.176,,,,,,
1820-10-01,7.588,1.605,,,,,,
1820-11-01,4.443,1.074,,,,,,
1820-12-01,1.273,1.693,,,,,,
1821-01-01,2.999,1.549,,,,,,
1821-02-01,3.758,2.018,,,,,,
1821-03-01,5.462,1.275,,,,,,
1821-04-01,7.739,0.858,,,,,,
1821-05-01,11.3,1.392,,,,,,
1821-06-01,12.608,1.424,,,,,,
1821-07-01,13.039,1.289,,,,,,
1821-08-01,13.145,1.482,,,,,,
1821-09-01,10.178,1.219,,,,,,
1821-10-01,8.535,0.924,,,,,,
1821-11-01,5.601,1.802,,,,,,
1821-12-01,2.717,1.278,,,,,,
1822-01-01,2.759,2.416,,,,,,
1822-02-01,4.465,1.83,,,,,,
1822-03-01,7.787,2.016,,,,,,
1822-04-01,8.278,1.295,,,,,,
1822-05-01,10.486,1.159,,,,,,
1822-06-01,13.067,0.899,,,,,,
1822-07-01,14.212,1.068,,,,,,
1822-08-01,13.215,0.896,,,,,,
1822-09-01,10.695,0.869,,,,,,
1822-10-01,7.774,1.163,,,,,,
1822-11-01,4.501,1.345,,,,,,
1822-12-01,1.021,1.547,,,,,,
1823-01-01,1.758,1.796,,,,,,
1823-02-01,1.966,1.93,,,,,,
1823-03-01,5.068,1.192,,,,,,
1823-04-01,7.665,1.677,,,,,,
1823-05-01,10.563,0.922,,,,,,
1823-06-01,13.958,1.125,,,,,,
1823-07-01,14.197,1.026,,,,,,
1823-08-01,13.13,0.694,,,,,,
1823-09-01,10.198,1.083,,,,,,
1823-10-01,7.642,1.24,,,,,,
1823-11-01,4.508,2.079,,,,,,
1823-12-01,1.971,1.583,,,,,,
1824-01-01,2.651,1.432,,,,,,
1824-02-01,2.679,1.784,,,,,,
1824-03-01,5.357,1.355,,,,,,
1824-04-01,8.375,1.288,,,,,,
1824-05-01,11.132,1.136,,,,,,
1824-06-01,13.427,1.953,,,,,,
1824-07-01,14.83,2.158,,,,,,
1824-08-01,13.437,0.924,,,,,,
1824-09-01,11.528,1.557,,,,,,
1824-10-01,8.197,0.774,,,,,,
1824-11-01,5.877,1.199,,,,,,
1824-12-01,5.076,1.814,,,,,,
1825-01-01,3.213,1.913,,,,,,
1825-02-01,3.092,1.479,,,,,,
1825-03-01,5.365,1.646,,,,,,
1825-04-01,8.988,1.964,,,,,,
1825-05-01,10.751,1.325,,,,,,
1825-06-01,13.765,1.049,,,,,,
1825-07-01,14.007,1.163,,,,,,
1825-08-01,13.269,1.335,,,,,,
1825-09-01,11.148,0.978,,,,,,
1825-10-01,7.979,1.261,,,,,,
1825-11-01,6.058,2.412,,,,,,
1825-12-01,3.037,1.569,,,,,,
1826-01-01,1.893,1.68,,,,,,
1826-02-01,1.533,1.619,,,,,,
1826-03-01,4.888,1.669,,,,,,
1826-04-01,8.403,2.204,,,,,,
1826-05-01,11.804,0.826,,,,,,
1826-06-01,13.02,1.539,,,,,,
1826-07-01,14.482,1.134,,,,,,
1826-08-01,13.109,1.511,,,,,,
1826-09-01,11.178,1.779,,,,,,
1826-10-01,8.459,1.789,,,,,,
1826-11-01,6.634,1.145,,,,,,
1826-12-01,4.876,1.82,,,,,,
1827-01-01,3.593,2.328,,,,,,
1827-02-01,4.415,1.952,,,,,,
1827-03-01,6.141,1.356,,,,,,
1827-04-01,9.429,2.669,,,,,,
1827-05-01,11.807,1.393,,,,,,
1827-06-01,13.548,1.228,,,,,,
1827-07-01,14.684,0.662,,,,,,
1827-08-01,13.694,0.79,,,,,,
1827-09-01,10.883,0.66,,,,,,
1827-10-01,8.51,1.222,,,,,,
1827-11-01,6.279,1.236,,,,,,
1827-12-01,2.722,1.827,,,,,,
1828-01-01,0.595,2.036,,,,,,
1828-02-01,1.853,2.002,,,,,,
1828-03-01,5.729,1.871,,,,,,
1828-04-01,8.737,1.471,,,,,,
1828-05-01,11.281,1.412,,,,,,
1828-06-01,14.124,1.081,,,,,,
1828-07-01,14.384,1.753,,,,,,
1828-08-01,13.635,0.975,,,,,,
1828-09-01,10.08,1.078,,,,,,
1828-10-01,8.656,1.832,,,,,,
1828-11-01,5.957,1.765,,,,,,
1828-12-01,2.953,2.505,,,,,,
1829-01-01,2.032,1.931,,,,,,
1829-02-01,1.715,1.959,,,,,,
1829-03-01,5.061,1.294,,,,,,
1829-04-01,7.815,1,,,,,,
1829-05-01,11.336,1.123,,,,,,
1829-06-01,12.86,1.312,,,,,,
1829-07-01,14.225,0.912,,,,,,
1829-08-01,13.399,0.86,,,,,,
1829-09-01,10.598,0.776,,,,,,
1829-10-01,8.806,1.312,,,,,,
1829-11-01,5.003,1.449,,,,,,
1829-12-01,2.452,1.909,,,,,,
1830-01-01,2.957,2.346,,,,,,
1830-02-01,4.085,1.896,,,,,,
1830-03-01,4.454,1.369,,,,,,
1830-04-01,8.841,1.098,,,,,,
1830-05-01,10.202,1.01,,,,,,
1830-06-01,12.827,1.718,,,,,,
1830-07-01,14.942,1.839,,,,,,
1830-08-01,13.386,0.643,,,,,,
1830-09-01,10.54,1.023,,,,,,
1830-10-01,7.993,1.18,,,,,,
1830-11-01,7.493,1.728,,,,,,
1830-12-01,4.481,1.327,,,,,,
1831-01-01,2.182,2.217,,,,,,
1831-02-01,2.479,3.541,,,,,,
1831-03-01,4.558,1.616,,,,,,
1831-04-01,7.731,0.908,,,,,,
1831-05-01,10.994,1.285,,,,,,
1831-06-01,13.203,1.882,,,,,,
1831-07-01,13.58,1.172,,,,,,
1831-08-01,12.49,0.793,,,,,,
1831-09-01,9.946,0.954,,,,,,
1831-10-01,7.83,1.068,,,,,,
1831-11-01,4.412,1.358,,,,,,
1831-12-01,2.265,1.584,,,,,,
1832-01-01,1.717,1.757,,,,,,
1832-02-01,1.833,1.656,,,,,,
1832-03-01,4.65,1.374,,,,,,
1832-04-01,8.059,1.059,,,,,,
1832-05-01,10.489,1.252,,,,,,
1832-06-01,12.857,1.126,,,,,,
1832-07-01,13.727,2.067,,,,,,
1832-08-01,11.966,1.309,,,,,,
1832-09-01,10.426,1.194,,,,,,
1832-10-01,8.634,0.983,,,,,,
1832-11-01,4.262,1.914,,,,,,
1832-12-01,0.782,2.794,,,,,,
1833-01-01,2.006,1.76,,,,,,
1833-02-01,2.815,1.354,,,,,,
1833-03-01,4.521,1.367,,,,,,
1833-04-01,7.869,1.076,,,,,,
1833-05-01,10.581,0.961,,,,,,
1833-06-01,13.049,0.883,,,,,,
1833-07-01,13.803,1.42,,,,,,
1833-08-01,13.222,0.835,,,,,,
1833-09-01,11.236,0.819,,,,,,
1833-10-01,7.9,1.108,,,,,,
1833-11-01,6.596,1.388,,,,,,
1833-12-01,2.558,1.831,,,,,,
1834-01-01,0.334,2.032,,,,,,
1834-02-01,2.329,1.483,,,,,,
1834-03-01,5.736,1.28,,,,,,
1834-04-01,8.085,1.11,,,,,,
1834-05-01,11.234,0.697,,,,,,
1834-06-01,12.799,0.761,,,,,,
1834-07-01,14.197,1.186,,,,,,
1834-08-01,13.412,0.866,,,,,,
1834-09-01,11.571,0.731,,,,,,
1834-10-01,8.617,0.773,,,,,,
1834-11-01,6.355,1.849,,,,,,
1834-12-01,3.092,1.059,,,,,,
1835-01-01,2.551,1.755,,,,,,
1835-02-01,2.967,1.464,,,,,,
1835-03-01,4.507,1.136,,,,,,
1835-04-01,7.769,1.079,,,,,,
1835-05-01,10.171,1.447,,,,,,
1835-06-01,12.007,0.992,,,,,,
1835-07-01,13.129,0.693,,,,,,
1835-08-01,12.322,0.805,,,,,,
1835-09-01,9.942,0.925,,,,,,
1835-10-01,7.835,1.021,,,,,,
1835-11-01,4.312,1.419,,,,,,
1835-12-01,1.198,2.568,,,,,,
1836-01-01,1.67,1.698,,,,,,
1836-02-01,2.371,1.611,,,,,,
1836-03-01,5.448,1.208,,,,,,
1836-04-01,7.315,0.983,,,,,,
1836-05-01,10.279,1.297,,,,,,
1836-06-01,12.549,0.893,,,,,,
1836-07-01,13.646,0.6,,,,,,
1836-08-01,12.83,1.362,,,,,,
1836-09-01,10.812,0.975,,,,,,
1836-10-01,8.756,1.131,,,,,,
1836-11-01,3.814,1.192,,,,,,
1836-12-01,2.86,1.083,,,,,,
1837-01-01,1.94,2.033,,,,,,
1837-02-01,2.619,1.893,,,,,,
1837-03-01,3.865,1.326,,,,,,
1837-04-01,6.556,1.017,,,,,,
1837-05-01,9.973,1.574,,,,,,
1837-06-01,12.099,0.798,,,,,,
1837-07-01,13.526,1.618,,,,,,
1837-08-01,13.018,1.224,,,,,,
1837-09-01,10.805,0.664,,,,,,
1837-10-01,7.653,0.851,,,,,,
1837-11-01,4.169,1.307,,,,,,
1837-12-01,2.285,1.186,,,,,,
1838-01-01,-0.557,1.999,,,,,,
1838-02-01,1.563,1.622,,,,,,
1838-03-01,3.723,1.472,,,,,,
1838-04-01,7.383,1.339,,,,,,
1838-05-01,9.985,0.822,,,,,,
1838-06-01,12.742,0.631,,,,,,
1838-07-01,14.367,0.884,,,,,,
1838-08-01,13.568,0.986,,,,,,
1838-09-01,11.106,0.889,,,,,,
1838-10-01,8.526,1.021,,,,,,
1838-11-01,5.16,1.044,,,,,,
1838-12-01,2.613,1.239,,,,,,
1839-01-01,2.156,1.681,,,,,,
1839-02-01,3.482,1.546,,,,,,
1839-03-01,2.673,1.493,,,,,,
1839-04-01,7.892,0.92,,,,,,
1839-05-01,10.289,0.68,,,,,,
1839-06-01,12.548,0.839,,,,,,
1839-07-01,14.411,0.942,,,,,,
1839-08-01,14.07,1.296,,,,,,
1839-09-01,10.853,0.714,,,,,,
1839-10-01,8.219,0.972,,,,,,
1839-11-01,3.92,1.451,,,,,,
1839-12-01,1.074,1.619,,,,,,
1840-01-01,2.561,1.468,,,,,,
1840-02-01,2.102,1.561,,,,,,
1840-03-01,4.04,1.469,,,,,,
1840-04-01,7.943,0.776,,,,,,
1840-05-01,11.173,0.698,,,,,,
1840-06-01,13.411,1.028,,,,,,
1840-07-01,14.714,0.462,,,,,,
1840-08-01,13.086,0.936,,,,,,
1840-09-01,11.01,0.586,,,,,,
1840-10-01,7.505,0.853,,,,,,
1840-11-01,4.101,0.982,,,,,,
1840-12-01,1.909,1.075,,,,,,
1841-01-01,0.649,1.761,,,,,,
1841-02-01,2.468,1.602,,,,,,
1841-03-01,3.307,1.324,,,,,,
1841-04-01,6.77,0.942,,,,,,
1841-05-01,10.764,0.573,,,,,,
1841-06-01,13.062,0.64,,,,,,
1841-07-01,14.552,0.737,,,,,,
1841-08-01,13.708,0.749,,,,,,
1841-09-01,10.921,0.583,,,,,,
1841-10-01,8.765,0.654,,,,,,
1841-11-01,4.744,0.878,,,,,,
1841-12-01,2.548,0.981,,,,,,
1842-01-01,1.636,1.64,,,,,,
1842-02-01,2.787,1.56,,,,,,
1842-03-01,5.75,1.164,,,,,,
1842-04-01,8.31,0.76,,,,,,
1842-05-01,10.535,0.643,,,,,,
1842-06-01,12.629,0.661,,,,,,
1842-07-01,13.584,0.509,,,,,,
1842-08-01,13.241,0.642,,,,,,
1842-09-01,10.94,0.677,,,,,,
1842-10-01,8.307,0.759,,,,,,
1842-11-01,4.824,0.792,,,,,,
1842-12-01,3.73,0.963,,,,,,
1843-01-01,2.974,1.212,,,,,,
1843-02-01,3.92,1.045,,,,,,
1843-03-01,4.744,0.88,,,,,,
1843-04-01,7.83,0.691,,,,,,
1843-05-01,10.04,0.636,,,,,,
1843-06-01,12.53,0.523,,,,,,
1843-07-01,13.991,0.545,,,,,,
1843-08-01,13.295,0.564,,,,,,
1843-09-01,11.326,0.534,,,,,,
1843-10-01,8.722,0.596,,,,,,
1843-11-01,4.947,0.775,,,,,,
1843-12-01,3.765,0.997,,,,,,
1844-01-01,1.868,1.17,,,,,,
1844-02-01,2.038,1.137,,,,,,
1844-03-01,4.734,0.999,,,,,,
1844-04-01,7.389,0.81,,,,,,
1844-05-01,10.109,0.648,,,,,,
1844-06-01,12.84,0.724,,,,,,
1844-07-01,13.921,0.605,,,,,,
1844-08-01,13.046,0.692,,,,,,
1844-09-01,10.819,0.817,,,,,,
1844-10-01,8.7,0.919,,,,,,
1844-11-01,4.401,1.327,,,,,,
1844-12-01,1.891,1.264,,,,,,
1845-01-01,2.661,1.364,,,,,,
1845-02-01,1.627,1.226,,,,,,
1845-03-01,4.651,0.882,,,,,,
1845-04-01,8.158,0.731,,,,,,
1845-05-01,10.433,0.772,,,,,,
1845-06-01,12.863,0.631,,,,,,
1845-07-01,14.319,0.725,,,,,,
1845-08-01,13.556,0.561,,,,,,
1845-09-01,11.234,0.536,,,,,,
1845-10-01,7.782,0.652,,,,,,
1845-11-01,5.194,1.155,,,,,,
1845-12-01,1.736,1.343,,,,,,
1846-01-01,3.213,1.47,,,,,,
1846-02-01,3.376,1.177,,,,,,
1846-03-01,6.314,1.031,,,,,,
1846-04-01,7.473,1.729,,,,,,
1846-05-01,10.896,0.844,,,,,,
1846-06-01,13.53,1.143,,,,,,
1846-07-01,14.923,0.737,,,,,,
1846-08-01,14.121,0.765,,,,,,
1846-09-01,11.738,0.716,,,,,,
1846-10-01,8.229,0.876,,,,,,
1846-11-01,5.044,1.039,,,,,,
1846-12-01,3.776,1.094,,,,,,
1847-01-01,2.753,1.269,,,,,,
1847-02-01,3.602,1.383,,,,,,
1847-03-01,4.046,1.583,,,,,,
1847-04-01,7.98,0.998,,,,,,
1847-05-01,10.622,0.752,,,,,,
1847-06-01,12.828,0.428,,,,,,
1847-07-01,14.25,0.6,,,,,,
1847-08-01,13.414,0.657,,,,,,
1847-09-01,11.619,0.528,,,,,,
1847-10-01,8.618,0.844,,,,,,
1847-11-01,5.574,0.778,,,,,,
1847-12-01,1.726,0.988,,,,,,
1848-01-01,0.51,1.341,,,,,,
1848-02-01,3.726,1.437,,,,,,
1848-03-01,4.806,0.967,,,,,,
1848-04-01,8.11,1.054,,,,,,
1848-05-01,10.58,0.584,,,,,,
1848-06-01,13.247,0.583,,,,,,
1848-07-01,14.466,0.613,,,,,,
1848-08-01,13.268,0.709,,,,,,
1848-09-01,10.997,0.623,,,,,,
1848-10-01,8.655,0.837,,,,,,
1848-11-01,5.29,0.748,,,,,,
1848-12-01,2.099,0.96,,,,,,
1849-01-01,1.941,1.308,,,,,,
1849-02-01,2.638,1.345,,,,,,
1849-03-01,5.302,1.06,,,,,,
1849-04-01,7.028,0.845,,,,,,
1849-05-01,10.159,0.644,,,,,,
1849-06-01,13,0.659,,,,,,
1849-07-01,14.458,0.678,,,,,,
1849-08-01,13.603,0.902,,,,,,
1849-09-01,11.093,0.568,,,,,,
1849-10-01,8.89,0.733,,,,,,
1849-11-01,5.778,1.313,,,,,,
1849-12-01,1.923,0.908,,,,,,
1850-01-01,0.749,1.105,8.242,1.738,-3.206,2.822,12.833,0.367
1850-02-01,3.071,1.275,9.97,3.007,-2.291,1.623,13.588,0.414
1850-03-01,4.954,0.955,10.347,2.401,-1.905,1.41,14.043,0.341
1850-04-01,7.217,0.665,12.934,1.004,1.018,1.329,14.667,0.267
1850-05-01,10.004,0.617,15.655,2.406,3.811,1.347,15.507,0.249
1850-06-01,13.15,0.614,18.946,2.817,7.106,0.857,16.353,0.245
1850-07-01,14.492,0.614,19.233,2.84,8.014,0.786,16.783,0.238
1850-08-01,14.039,0.802,18.477,2.079,7.406,1.086,16.718,0.28
1850-09-01,11.505,0.675,15.846,2.692,4.533,1.798,15.886,0.254
1850-10-01,8.091,0.863,13.189,2.338,2.013,2.133,14.831,0.297
1850-11-01,4.733,1.149,11.388,3.491,-0.12,1.069,13.897,0.368
1850-12-01,2.803,1.183,7.493,1.925,-2.807,2.594,13.3,0.378
1851-01-01,2.431,1.122,8.951,2.399,-2.443,1.771,13.245,0.362
1851-02-01,2.508,1.1,9.808,2.654,-1.507,2.714,13.331,0.361
1851-03-01,4.192,0.971,11.507,2.037,-0.7,1.611,13.897,0.33
1851-04-01,7.287,0.829,14.236,1.97,2.331,1.281,14.64,0.298
1851-05-01,11.113,0.936,15.01,3.184,4.136,1.011,15.771,0.322
1851-06-01,13.418,0.655,17.288,3.187,6.374,1.13,16.496,0.261
1851-07-01,14.531,0.606,17.103,3.751,7.425,1.48,16.831,0.244
1851-08-01,13.751,0.775,17.361,1.392,6.595,1.281,16.621,0.276
1851-09-01,11.677,0.581,16.36,2.496,5.525,1.643,16.058,0.25
1851-10-01,9.122,1.058,14.961,1.915,3.298,1.297,15.213,0.358
1851-11-01,4.973,0.968,7.951,1.833,-1.345,1.527,14.161,0.344
1851-12-01,3.14,0.982,6.436,1.949,-3.242,2.843,13.638,0.339
1852-01-01,2.376,1.389,8.474,4.24,-2.755,1.705,13.231,0.438
1852-02-01,2.54,1.115,8.569,2.737,-2.337,1.78,13.311,0.371
1852-03-01,3.884,0.915,9.215,2.88,-2.491,1.471,13.736,0.317
1852-04-01,7.487,1.158,11.249,1.491,0.647,1.256,14.786,0.377
1852-05-01,11.169,0.855,15.835,2.805,4.624,0.971,15.899,0.298
1852-06-01,13.164,0.636,17.76,1.925,6.705,0.683,16.619,0.243
1852-07-01,14.512,0.778,17.795,2.924,7.57,1.35,16.984,0.278
1852-08-01,13.304,0.766,17.567,1.812,7.429,1.222,16.566,0.277
1852-09-01,11.478,0.689,16.665,1.407,5.742,1.51,16.038,0.261
1852-10-01,8.91,0.654,14.849,1.498,2.813,0.963,15.178,0.25
1852-11-01,4.593,0.693,12.009,4.373,0.736,1.48,13.948,0.26
1852-12-01,3.785,1.371,10.781,3.339,-0.639,2.204,13.782,0.427
1853-01-01,1.786,1.108,8.972,2.461,-2.818,1.556,13.143,0.356
1853-02-01,2.228,1.492,8.29,1.535,-3.213,1.783,13.362,0.457
1853-03-01,4.078,0.918,10.325,2.294,-1.966,1.494,14.033,0.306
1853-04-01,7.541,0.824,13.72,2.69,1.655,1.15,14.919,0.283
1853-05-01,10.975,0.743,16.543,3.36,4.364,0.782,15.793,0.261
1853-06-01,13.41,0.674,18.611,1.124,6.944,1.418,16.455,0.24
1853-07-01,14.645,0.659,18.923,2.058,6.933,1.195,16.999,0.238
1853-08-01,13.953,0.723,19.308,1.2,7.273,0.879,16.789,0.25
1853-09-01,11.71,0.749,17.691,1.847,5.779,0.928,15.942,0.259
1853-10-01,8.535,0.546,14.757,2.451,1.85,2.277,14.874,0.211
1853-11-01,4.783,0.868,11.269,2.15,-0.076,1.277,13.829,0.29
1853-12-01,2.858,0.716,8.23,1.971,-4.015,1.528,13.324,0.255
1854-01-01,1.281,0.977,8.786,2.589,-3.552,1.362,12.983,0.313
1854-02-01,1.941,1.08,8.508,1.863,-4.109,1.467,13.248,0.342
1854-03-01,4.698,0.789,10.469,2.107,-1.413,1.517,14.089,0.267
1854-04-01,7.622,0.674,13.402,2.16,0.566,1.25,14.945,0.242
1854-05-01,11.095,0.638,16.748,1.513,4.184,1.306,15.793,0.233
1854-06-01,12.829,0.533,18.188,0.964,6.493,0.902,16.286,0.206
1854-07-01,14.692,0.85,20.426,1.853,7.89,0.912,16.775,0.282
1854-08-01,13.889,0.898,19.291,1.36,7.303,1.021,16.707,0.288
1854-09-01,11.514,0.552,17.357,1.142,5.554,1.22,16.098,0.21
1854-10-01,9.763,0.964,15.341,1.312,3.033,1.229,15.378,0.309
1854-11-01,5.745,0.786,10.707,1.954,-1.406,1.635,14.123,0.261
1854-12-01,3.457,1.167,8.506,2.583,-3.397,2.463,13.467,0.364
1855-01-01,2.522,1.465,8.22,1.099,-3.125,1.699,13.384,0.442
1855-02-01,2.982,1.322,7.604,3.083,-4.947,2.343,13.646,0.402
1855-03-01,4.617,0.898,10.16,1.69,-1.865,1.338,14.172,0.294
1855-04-01,8.58,1.034,13.709,1.024,1.141,1.06,15.187,0.328
1855-05-01,11.186,0.799,16.77,0.651,4.286,0.866,15.822,0.267
1855-06-01,12.984,0.79,17.642,1.197,6.476,1.231,16.445,0.264
1855-07-01,13.926,0.635,18.467,0.784,7.691,0.703,16.675,0.225
1855-08-01,13.547,0.601,19.012,0.957,6.931,1.345,16.685,0.214
1855-09-01,11.141,0.638,17.078,0.741,5.499,1.531,15.829,0.226
1855-10-01,8.444,0.778,14.26,2.029,2.317,2.929,15.075,0.264
1855-11-01,5.186,0.69,11.117,1.118,-0.517,2.963,14.118,0.246
1855-12-01,2.214,0.996,7.879,1.604,-3.453,1.856,13.215,0.322
1856-01-01,2.76,0.752,7.298,2.331,-3.727,2.795,13.368,0.261
1856-02-01,2.226,0.953,8.294,2.111,-3.679,3.428,13.311,0.306
1856-03-01,4.372,0.735,10.327,2.441,-2.241,2.56,13.957,0.252
1856-04-01,7.751,0.57,14.387,1.399,1.242,1.025,14.945,0.217
1856-05-01,10.53,0.915,16.704,2.209,3.945,0.881,15.813,0.296
1856-06-01,13.496,0.778,18.326,1.243,6.879,1.083,16.492,0.264
1856-07-01,14.019,0.422,18.349,1.471,7.035,0.678,16.675,0.185
1856-08-01,13.021,0.866,18.386,1.284,6.767,1.754,16.39,0.285
1856-09-01,10.948,0.884,17.21,1.294,4.864,1.222,15.641,0.289
1856-10-01,8.087,0.759,14.128,1.917,1.979,2.153,14.783,0.256
1856-11-01,5.36,0.577,10.349,1.477,-1.433,1.484,13.856,0.211
1856-12-01,3.381,0.918,7.885,2.402,-3.33,2.279,13.321,0.3
1857-01-01,1.821,0.924,6.642,4.164,-5.407,3.498,12.972,0.3
1857-02-01,2.481,0.885,9.602,2.59,-1.92,1.912,13.385,0.29
1857-03-01,4.312,0.844,10.2,2.047,-1.071,2.391,13.916,0.278
1857-04-01,6.827,0.543,13.107,1.864,0.88,1.106,14.481,0.212
1857-05-01,9.885,0.681,15.6,1.975,3.639,0.739,15.279,0.241
1857-06-01,12.611,0.798,17.372,2.106,5.849,0.736,16.175,0.267
1857-07-01,13.953,0.792,18.717,1.48,7.438,1.352,16.478,0.266
1857-08-01,13.203,0.795,18.194,1.164,6.998,0.927,16.459,0.266
1857-09-01,11.056,0.672,17.223,1.133,5.146,1.467,15.84,0.241
1857-10-01,8.198,0.726,14.558,2.017,2.881,1.583,14.918,0.255
1857-11-01,5.236,0.636,10.527,3.003,-0.605,1.579,13.829,0.241
1857-12-01,3.515,0.717,9.509,2.607,-1.546,1.804,13.367,0.26
1858-01-01,2.739,1.094,9.044,2.067,-2.692,2.052,13.221,0.347
1858-02-01,2.284,0.662,7.829,2.149,-4.148,1.591,13.29,0.236
1858-03-01,4.834,0.757,10.44,1.837,-1.47,1.325,14.044,0.255
1858-04-01,8.25,0.661,13.912,1.741,1.041,1.479,14.967,0.239
1858-05-01,10.851,0.624,16.258,2.225,3.864,1.055,15.541,0.231
1858-06-01,12.956,0.688,18.968,1.622,7.038,0.677,16.172,0.248
1858-07-01,13.677,0.754,18.561,1.694,7.888,0.845,16.51,0.266
1858-08-01,13.22,0.558,18.261,1.862,7.264,0.88,16.489,0.216
1858-09-01,11.148,0.517,17.559,1.227,5.505,1.374,15.833,0.213
1858-10-01,8.81,0.62,15.071,1.825,3.688,0.921,15.114,0.246
1858-11-01,5.99,0.774,9.803,2.061,-0.684,1.289,14.134,0.276
1858-12-01,2.444,0.688,8.49,2.13,-1.965,1.204,13.263,0.249
1859-01-01,2.015,1.007,8.074,1.753,-2.7,1.295,13.058,0.326
1859-02-01,2.611,1,8.968,1.791,-1.858,1.713,13.33,0.327
1859-03-01,5.023,0.916,11.16,1.37,-0.458,1.035,14.104,0.312
1859-04-01,8.542,0.617,14.225,2.009,1.434,0.864,15.197,0.246
1859-05-01,11.456,0.616,17.021,1.236,5.277,1.77,15.868,0.238
1859-06-01,13.142,0.514,18.285,2.284,7.057,1.026,16.4,0.226
1859-07-01,13.827,0.567,19.444,1.968,7.85,0.737,16.494,0.234
1859-08-01,13.217,0.468,19.201,1.673,7.965,0.849,16.45,0.205
1859-09-01,11.08,0.365,16.483,1.839,5.423,0.873,15.589,0.204
1859-10-01,8.834,0.638,14.235,1.945,2.968,0.908,15.062,0.25
1859-11-01,5.912,0.572,10.973,1.519,-0.014,0.996,14.094,0.244
1859-12-01,3.365,0.816,8.255,3.11,-3.422,1.65,13.513,0.287
1860-01-01,2.077,0.86,9.772,2.26,-2.059,1.59,13.17,0.294
1860-02-01,2.632,0.75,8.747,2.348,-3.232,1.188,13.424,0.275
1860-03-01,3.494,0.87,11.821,2.164,-0.714,1.146,13.714,0.302
1860-04-01,7.76,0.46,13.511,1.721,1.805,1.295,14.861,0.209
1860-05-01,11.062,0.744,16.822,1.139,4.792,1.094,15.758,0.276
1860-06-01,13.272,0.548,19.163,1.361,7.213,0.766,16.338,0.24
1860-07-01,14.203,0.471,18.566,2.125,7.45,0.859,16.737,0.221
1860-08-01,13.765,0.503,18.984,1.559,7.069,0.65,16.634,0.234
1860-09-01,11.892,0.535,16.892,2.219,5.536,1.212,16.133,0.242
1860-10-01,8.712,0.466,13.677,1.876,2.906,0.903,15.076,0.223
1860-11-01,5.027,0.555,11.012,1.971,-0.111,1.121,13.922,0.233
1860-12-01,1.634,0.75,8.556,2.475,-2.525,1.188,12.828,0.277
1861-01-01,0.404,0.846,7.743,2.125,-3.256,1.721,12.475,0.299
1861-02-01,2.137,0.755,8.601,1.862,-3.055,1.479,12.917,0.28
1861-03-01,4.489,0.759,9.786,2.204,-2.007,1.402,13.824,0.3
1861-04-01,7.487,0.699,12.772,1.435,1.372,0.999,15.018,0.291
1861-05-01,10.516,0.538,15.401,2.279,3.858,0.887,15.489,0.277
1861-06-01,13.017,0.798,19.299,1.078,7.391,1.322,16.358,0.319
1861-07-01,13.967,0.477,19.37,1.53,7.803,1.286,16.547,0.261
1861-08-01,13.656,0.576,18.907,1.014,7.563,0.867,16.716,0.264
1861-09-01,11.409,0.501,17.769,1.736,5.988,0.936,15.927,0.243
1861-10-01,8.475,0.494,15.644,1.99,3.277,0.849,14.905,0.244
1861-11-01,5.707,0.482,12.044,2.353,0.41,0.995,14.095,0.24
1861-12-01,2.894,0.916,8.945,1.29,-2.191,1.221,13.337,0.324
1862-01-01,0.685,1.105,7.361,2.394,-4.11,1.745,12.658,0.378
1862-02-01,1.769,0.712,7.407,2.796,-4.346,2.057,13.192,0.295
1862-03-01,4.485,0.661,11.112,2,-1.314,1.149,14.044,0.284
1862-04-01,7.323,0.827,13.955,2.977,1.932,1.11,14.825,0.316
1862-05-01,10.739,0.58,17.854,1.311,5.675,1.496,15.708,0.26
1862-06-01,12.86,0.535,18.539,1.843,6.795,1.187,16.349,0.244
1862-07-01,13.928,0.445,20.663,1.998,9.21,1.862,16.593,0.232
1862-08-01,13.188,0.504,19.605,1.258,8.086,1.333,16.306,0.247
1862-09-01,11.028,0.519,18.042,0.961,6.123,1.189,15.788,0.245
1862-10-01,8.283,0.618,15.138,1.961,3.245,1.049,14.902,0.269
1862-11-01,4.792,0.751,11.889,2.008,0.244,1.583,13.784,0.31
1862-12-01,1.623,1.01,9.402,2.597,-1.747,1.572,12.732,0.372
1863-01-01,3.034,1.228,8.462,3.188,-1.766,2.51,13.296,0.417
1863-02-01,3.253,1.099,8.909,1.653,-2.11,1.393,13.634,0.389
1863-03-01,4.682,0.783,10.352,1.234,-0.853,1.362,14.006,0.312
1863-04-01,7.931,0.792,14.257,2.117,1.642,1.231,15.01,0.319
1863-05-01,11.081,0.687,16.999,2.396,5.917,1.777,15.823,0.281
1863-06-01,12.794,0.542,18.202,2.013,7.925,1.462,16.224,0.266
1863-07-01,13.765,0.642,18.095,1.943,8.307,0.89,16.575,0.301
1863-08-01,13.294,0.523,18.408,1.931,7.833,0.927,16.437,0.276
1863-09-01,11.23,0.556,15.91,1.161,5.439,1.391,15.898,0.283
1863-10-01,8.235,0.521,13.944,1.375,3.282,0.791,14.978,0.278
1863-11-01,5.392,0.515,11.351,1.255,0.175,1.319,13.992,0.287
1863-12-01,2.651,1.088,8.55,1.828,-2.586,1.09,13.356,0.387
1864-01-01,1.551,0.876,7.071,1.503,-3.848,1.789,12.879,0.332
1864-02-01,2.506,1.05,8.542,1.51,-2.856,1.565,13.275,0.372
1864-03-01,4.651,0.767,11.747,1.833,-0.725,1.688,13.99,0.307
1864-04-01,7.515,0.622,13.395,1.09,1.665,1.374,14.83,0.291
1864-05-01,10.956,0.531,16.908,0.935,4.849,0.839,15.851,0.282
1864-06-01,13.365,0.73,18.457,1.541,7.909,0.761,16.49,0.285
1864-07-01,14.162,0.57,18.831,1.333,7.413,0.846,16.715,0.256
1864-08-01,13.434,0.566,18.909,0.874,7.546,0.798,16.494,0.25
1864-09-01,11.37,0.546,17.063,1.188,5.721,0.939,15.85,0.271
1864-10-01,8.795,0.484,15.047,1.651,3.246,1.606,14.972,0.251
1864-11-01,5.232,0.699,12.502,1.611,0.665,2.153,14.141,0.281
1864-12-01,2.266,0.676,8.555,1.04,-2.663,1.547,13.271,0.276
1865-01-01,2.975,0.956,8.841,1.331,-3.212,1.962,13.503,0.348
1865-02-01,2.152,0.832,8.911,1.17,-3.117,1.606,13.506,0.329
1865-03-01,4.039,0.768,11.582,2.153,-0.592,1.918,13.914,0.323
1865-04-01,7.314,0.643,14.276,1.359,1.793,1.22,14.861,0.3
1865-05-01,10.917,0.488,16.968,1.314,4.874,0.81,15.756,0.27
1865-06-01,13.214,0.586,19.022,1.301,7.509,0.612,16.414,0.277
1865-07-01,14.22,0.542,19.108,1.134,8.163,0.983,16.749,0.292
1865-08-01,13.58,0.535,19.111,1.74,7.595,0.698,16.657,0.287
1865-09-01,11.797,0.554,17.841,1.039,5.789,1.303,16.082,0.29
1865-10-01,9.136,0.444,15.281,1.936,3.345,0.908,15.157,0.286
1865-11-01,6.144,0.71,12.418,1.112,0.992,1.384,14.101,0.316
1865-12-01,2.646,0.888,8.218,1.703,-2.517,1.255,13.26,0.333
1866-01-01,2.932,0.861,8.188,1.395,-2.923,1.517,13.467,0.325
1866-02-01,2.274,0.854,9.636,1.18,-2.053,1.262,13.586,0.328
1866-03-01,4.421,0.711,10.824,1.328,-0.881,1.148,13.95,0.309
1866-04-01,7.914,0.531,14.889,1.224,2.084,1.248,14.713,0.267
1866-05-01,10.898,0.566,16.817,0.845,4.582,0.823,15.63,0.279
1866-06-01,12.853,0.432,18.753,1.174,7.077,1.008,16.596,0.258
1866-07-01,14.602,0.44,20.369,0.715,8.183,0.721,17.06,0.259
1866-08-01,13.532,0.629,18.947,1.031,7.088,0.886,16.695,0.288
1866-09-01,11.527,0.496,17.508,1.401,5.807,0.916,15.918,0.272
1866-10-01,8.506,0.512,14.624,0.848,2.994,0.91,15.062,0.28
1866-11-01,5.895,0.526,10.76,1.183,0.182,1.503,14.275,0.269
1866-12-01,4.152,0.714,8.676,1.026,-2.953,1.854,13.732,0.299
1867-01-01,2.482,0.941,8.137,1.332,-3.308,1.385,13.371,0.364
1867-02-01,2.664,0.936,9.183,1.437,-2.172,1.397,13.458,0.348
1867-03-01,4.454,0.65,10.572,2.025,-1.195,2.083,14.073,0.267
1867-04-01,8.258,0.611,13.852,0.829,2.307,1.029,15.1,0.277
1867-05-01,10.495,0.414,16.21,1.162,4.665,0.782,15.56,0.241
1867-06-01,13.303,0.482,19.753,0.825,8.032,0.722,16.366,0.252
1867-07-01,14.223,0.401,20.032,1.031,8.387,0.832,16.672,0.244
1867-08-01,13.506,0.417,19.626,1.069,7.706,0.775,16.454,0.256
1867-09-01,11.763,0.458,17.566,0.92,5.911,0.76,16.147,0.254
1867-10-01,9.212,0.479,15.374,1.052,3.705,0.995,15.318,0.251
1867-11-01,6.939,0.784,11.143,1.102,-0.796,1.388,14.632,0.31
1867-12-01,3.937,1.045,8.313,1.051,-3.678,1.274,13.553,0.365
1868-01-01,1.834,0.795,7.611,1.592,-3.478,1.807,13.012,0.304
1868-02-01,2.039,0.849,8.817,1.823,-3.455,1.603,13.295,0.323
1868-03-01,4.538,0.578,11.411,1.025,-0.63,0.96,14.135,0.256
1868-04-01,8.183,0.493,13.316,1.135,1.138,0.95,15.082,0.241
1868-05-01,11.308,0.494,17.059,1.103,4.861,0.723,15.992,0.241
1868-06-01,13.162,0.375,19.005,0.959,7.203,0.609,16.529,0.231
1868-07-01,14.514,0.431,20.504,1.026,8.702,0.649,17.025,0.226
1868-08-01,13.744,0.552,19.818,0.834,8.121,0.788,16.793,0.251
1868-09-01,11.669,0.418,17.988,0.799,5.726,0.69,16.107,0.217
1868-10-01,9.448,0.428,14.925,0.956,3.086,0.964,15.376,0.218
1868-11-01,5.192,0.504,10.181,1.421,-0.35,1.196,14.174,0.224
1868-12-01,3.344,0.639,8.54,1.541,-2.488,1.598,13.643,0.26
1869-01-01,2.115,1.028,8.206,1.468,-3.173,1.698,13.289,0.35
1869-02-01,3.864,0.82,9.618,1.571,-2.406,1.288,13.951,0.303
1869-03-01,4.374,0.631,11.012,1.665,-1.312,1.412,13.947,0.255
1869-04-01,7.921,0.758,13.787,1.033,1.297,1.263,15.016,0.281
1869-05-01,11.295,0.642,17.279,1.51,4.382,1.151,15.896,0.254
1869-06-01,13.537,0.532,18.871,0.863,7.196,0.628,16.396,0.234
1869-07-01,14.337,0.449,19.825,1.325,7.732,1.205,16.667,0.218
1869-08-01,14.01,0.437,19.663,1.055,7.948,1.062,16.711,0.201
1869-09-01,12.247,0.382,17.561,1.07,5.377,1.167,16.18,0.193
1869-10-01,9.006,0.456,14.063,1.005,1.968,0.777,15.171,0.206
1869-11-01,5.773,0.499,10.418,1.061,-0.509,1.75,14.255,0.216
1869-12-01,2.706,0.514,8.531,1.222,-2.519,1.622,13.307,0.212
1870-01-01,2.082,0.808,8.527,1.372,-3.307,1.225,13.304,0.277
1870-02-01,2.134,0.704,8.544,1.829,-3.527,1.369,13.359,0.253
1870-03-01,4.656,0.568,9.692,1.617,-1.419,1.164,14.139,0.22
1870-04-01,7.879,0.524,14.287,2.127,1.57,1.41,15.052,0.218
1870-05-01,11.339,0.579,18.068,1.118,5.33,0.969,15.826,0.235
1870-06-01,13.653,0.486,19.531,1.581,7.793,0.918,16.511,0.208
1870-07-01,14.599,0.4,20.29,1.625,8.851,0.992,16.86,0.19
1870-08-01,13.484,0.411,19.318,1.107,7.974,0.881,16.617,0.196
1870-09-01,11.952,0.412,17.017,1.332,5.456,1.257,16.073,0.195
1870-10-01,8.81,0.542,14.188,1.414,2.848,1.354,15.056,0.234
1870-11-01,5.6,0.529,12.574,1.401,0.629,1.203,14.079,0.229
1870-12-01,2.228,0.639,8.485,1.488,-3.1,2.065,13.176,0.243
1871-01-01,1.447,0.793,7.962,1.379,-2.937,1.432,13.089,0.287
1871-02-01,1.736,0.94,8.782,1.589,-3.061,1.217,13.299,0.326
1871-03-01,4.685,0.649,11.047,1.101,-1.75,1.955,14.223,0.251
1871-04-01,8.34,0.461,13.97,1.33,1.89,1.279,15.233,0.206
1871-05-01,10.788,0.451,16.627,1.129,4.525,0.846,15.77,0.205
1871-06-01,13.08,0.392,19.127,1.227,7.47,1.175,16.458,0.188
1871-07-01,14.29,0.382,19.837,1.035,7.927,0.816,16.858,0.193
1871-08-01,13.932,0.449,19.812,0.656,7.898,0.873,16.653,0.193
1871-09-01,11.711,0.516,17.394,0.875,5.037,0.923,16.02,0.219
1871-10-01,9.096,0.412,14.697,0.802,2.891,0.797,15.061,0.206
1871-11-01,5.113,0.825,10.639,1.017,-0.317,1.024,13.972,0.285
1871-12-01,3.163,0.573,7.912,1.294,-3.677,1.043,13.435,0.225
1872-01-01,1.652,0.996,8.228,1.236,-3.228,1.225,13.041,0.325
1872-02-01,2.35,0.856,8.953,1.257,-3.26,1.364,13.376,0.301
1872-03-01,4.922,0.611,11.159,0.994,-2.156,1.016,14.107,0.239
1872-04-01,7.846,0.538,14.041,1.085,1.464,0.891,14.969,0.217
1872-05-01,11.198,0.503,17.369,1.059,5.046,1.095,15.927,0.21
1872-06-01,13.055,0.434,19.299,0.757,7.564,0.746,16.361,0.193
1872-07-01,14.285,0.478,19.705,1.105,7.884,1.045,16.843,0.205
1872-08-01,13.821,0.485,19.415,0.776,7.451,1.097,16.822,0.2
1872-09-01,11.958,0.368,17.718,0.7,5.938,0.887,16.173,0.178
1872-10-01,9.24,0.394,15.715,0.881,3.025,1.467,15.181,0.187
1872-11-01,5.372,0.493,11.293,0.994,-0.061,1.233,14.101,0.209
1872-12-01,2.627,0.913,8.526,1.078,-3.418,1.325,13.331,0.302
1873-01-01,2.013,0.706,8.285,1.171,-3.44,1.753,13.353,0.251
1873-02-01,3.195,0.749,8.591,1.132,-3.719,1.52,13.707,0.269
1873-03-01,4.704,0.696,11.105,0.823,-1.761,1.047,14.151,0.253
1873-04-01,7.462,0.616,13.983,1.262,1.069,1.145,14.879,0.239
1873-05-01,11.006,0.42,16.765,0.726,4.202,0.753,15.821,0.204
1873-06-01,13.405,0.495,19.006,1.049,6.783,0.568,16.429,0.215
1873-07-01,14.287,0.407,19.974,0.769,8.024,0.755,16.805,0.194
1873-08-01,13.755,0.438,19.241,0.728,7.447,0.725,16.726,0.191
1873-09-01,11.487,0.436,16.979,0.874,5.298,0.741,15.965,0.189
1873-10-01,9.234,0.432,14.431,0.921,2.386,0.941,15.13,0.203
1873-11-01,5.819,0.545,10.914,0.838,-0.812,1.05,14.094,0.215
1873-12-01,3.846,0.666,8.848,1.157,-2.628,1.445,13.531,0.242
1874-01-01,2.685,0.825,7.383,1.233,-3.764,1.139,13.392,0.283
1874-02-01,3.069,0.724,7.962,1.324,-3.23,1.615,13.458,0.258
1874-03-01,4.221,0.592,8.948,1.244,-1.942,1.1,13.807,0.225
1874-04-01,8.231,0.39,13.237,1.12,1.005,0.793,14.91,0.186
1874-05-01,11.306,0.411,16.969,0.788,4.667,1.011,15.75,0.207
1874-06-01,13.306,0.467,19.062,0.891,6.857,0.796,16.211,0.205
1874-07-01,14.122,0.419,19.82,1.046,7.488,0.859,16.745,0.197
1874-08-01,13.815,0.382,19.618,0.739,7.229,0.689,16.645,0.182
1874-09-01,12.111,0.366,17.704,0.626,5.632,0.759,16.122,0.178
1874-10-01,9.12,0.475,15.841,0.889,3.025,1.047,15.005,0.195
1874-11-01,5.809,0.626,10.563,1.177,-0.549,1.004,14.013,0.23
1874-12-01,3.407,0.538,9.495,1.03,-1.678,1.431,13.426,0.214
1875-01-01,1.533,0.672,6.679,1.047,-4.717,1.524,13.027,0.246
1875-02-01,2.259,0.718,7.522,0.813,-4.365,1.173,13.35,0.257
1875-03-01,4.256,0.461,10.673,0.951,-2.207,1.097,13.974,0.2
1875-04-01,7.636,0.38,13.759,1.157,1.174,0.937,14.923,0.186
1875-05-01,10.746,0.376,17.509,1.105,4.163,0.664,15.792,0.183
1875-06-01,13.157,0.418,19.603,0.965,6.497,0.583,16.358,0.185
1875-07-01,14.144,0.397,20.534,0.727,7.873,0.614,16.683,0.175
1875-08-01,13.401,0.433,20.053,0.76,7.327,0.718,16.638,0.187
1875-09-01,11.319,0.394,17.713,0.726,5.173,0.741,16.059,0.186
1875-10-01,8.585,0.39,14.754,0.734,2.205,0.935,15.125,0.185
1875-11-01,4.614,0.366,10.56,0.821,-1.351,1.031,13.905,0.182
1875-12-01,2.665,0.413,8.742,1.13,-2.402,1.339,13.229,0.193
1876-01-01,1.856,0.503,7.327,1.027,-3.325,0.883,13.1,0.209
1876-02-01,2.617,0.505,8.895,1.215,-3.095,0.896,13.496,0.208
1876-03-01,4.748,0.515,10.247,0.823,-1.711,0.969,14.047,0.21
1876-04-01,8.199,0.412,14.188,0.824,1.814,0.805,14.95,0.193
1876-05-01,10.69,0.513,16.783,0.745,4.728,0.684,15.57,0.204
1876-06-01,13.131,0.28,18.888,0.769,6.77,0.977,16.29,0.154
1876-07-01,14.319,0.369,19.855,0.715,7.891,0.861,16.848,0.173
1876-08-01,13.481,0.407,19.665,0.63,7.55,0.709,16.579,0.186
1876-09-01,11.687,0.377,17.667,0.662,5.687,0.848,15.89,0.2
1876-10-01,8.946,0.327,14.4,0.677,2.766,1.037,15.047,0.175
1876-11-01,5.093,0.414,10.498,0.751,-0.653,0.796,13.903,0.187
1876-12-01,2.194,0.58,8.805,0.822,-2.806,0.985,13.193,0.221
1877-01-01,2.286,0.708,8.079,1.095,-3.162,1.132,13.306,0.249
1877-02-01,2.928,0.584,9.755,1.222,-2.357,0.872,13.732,0.232
1877-03-01,5.297,0.487,10.782,0.744,-1.478,0.893,14.459,0.204
1877-04-01,8.039,0.429,13.827,0.767,2.032,0.845,15.126,0.197
1877-05-01,11.056,0.4,16.802,0.598,5.022,0.696,15.854,0.185
1877-06-01,13.384,0.464,19.257,0.604,6.875,0.907,16.594,0.2
1877-07-01,14.642,0.402,20.733,0.62,8.18,0.729,17.004,0.183
1877-08-01,14.151,0.383,20.643,0.876,7.786,0.894,17.076,0.174
1877-09-01,12.075,0.418,17.931,0.53,5.967,0.692,16.437,0.187
1877-10-01,9.273,0.273,14.324,0.758,2.704,0.89,15.536,0.165
1877-11-01,6.348,0.479,11.54,1.008,0.789,0.757,14.564,0.195
1877-12-01,2.996,0.444,9.491,1.212,-0.575,0.845,13.704,0.19
1878-01-01,2.017,0.461,8.278,1.004,-3.083,1.011,13.538,0.191
1878-02-01,3.728,0.563,9.483,1.226,-1.714,1.063,14.177,0.214
1878-03-01,6.608,0.477,12.343,0.803,0.361,0.991,14.882,0.203
1878-04-01,8.899,0.431,15.041,0.717,2.963,0.946,15.573,0.185
1878-05-01,11.017,0.419,16.946,0.807,5.09,0.797,16.016,0.188
1878-06-01,13.796,0.38,19.356,0.398,7.461,0.829,16.711,0.185
1878-07-01,14.742,0.378,20.299,0.481,8.582,0.706,16.999,0.183
1878-08-01,14.094,0.465,20.308,0.573,8.074,0.516,16.905,0.184
1878-09-01,12.093,0.375,17.827,0.674,6.1,0.831,16.267,0.177
1878-10-01,9.173,0.306,15.255,0.605,3.506,0.893,15.307,0.165
1878-11-01,6.446,0.429,12.502,0.823,0.686,0.832,14.388,0.184
1878-12-01,3.344,0.415,9.268,0.988,-2.246,1.086,13.526,0.176
1879-01-01,2.303,0.658,8.558,0.886,-3.311,0.978,13.349,0.23
1879-02-01,2.737,0.672,8.69,0.862,-3.081,0.873,13.63,0.233
1879-03-01,4.924,0.461,10.686,0.891,-1.389,0.789,14.34,0.183
1879-04-01,7.768,0.458,14.201,0.835,1.986,0.736,14.987,0.182
1879-05-01,10.803,0.388,16.752,0.581,4.536,0.695,15.807,0.164
1879-06-01,13.23,0.459,19.022,0.703,7.018,0.527,16.501,0.176
1879-07-01,14.238,0.379,19.637,0.607,7.64,0.491,16.746,0.164
1879-08-01,13.245,0.426,19.125,0.473,7.29,0.587,16.635,0.171
1879-09-01,11.449,0.357,17.652,0.849,5.542,0.51,16.007,0.163
1879-10-01,9.229,0.331,14.744,0.746,2.747,0.761,15.25,0.156
1879-11-01,5.526,0.376,11.549,0.815,-0.5,0.691,14.203,0.168
1879-12-01,2.538,0.596,8.173,0.866,-3.531,1.151,13.318,0.211
1880-01-01,1.755,0.572,7.883,0.757,-3.37,0.864,13.129,0.204
1880-02-01,2.052,0.491,7.957,0.909,-3.767,0.796,13.407,0.187
1880-03-01,4.63,0.468,10.655,0.912,-1.814,0.796,14.273,0.186
1880-04-01,7.559,0.456,14.082,0.711,1.298,0.623,15.008,0.194
1880-05-01,11.096,0.389,16.917,0.749,4.877,0.772,15.85,0.172
1880-06-01,13.327,0.436,19.29,0.558,6.597,0.631,16.4,0.175
1880-07-01,14.141,0.396,20.037,0.554,7.852,0.691,16.687,0.167
1880-08-01,13.807,0.384,19.502,0.793,7.555,0.698,16.695,0.163
1880-09-01,11.386,0.289,17.558,0.59,5.84,0.636,15.918,0.148
1880-10-01,8.673,0.296,14.567,0.492,2.896,0.73,15.024,0.149
1880-11-01,5.893,0.386,10.826,0.596,-0.654,0.797,14.233,0.162
1880-12-01,3.106,0.416,7.687,0.733,-2.657,0.82,13.48,0.168
1881-01-01,2.461,0.634,7.344,0.724,-3.687,0.981,13.396,0.221
1881-02-01,2.626,0.595,8.594,0.692,-2.813,0.77,13.625,0.21
1881-03-01,5.01,0.52,10.926,0.613,-1.131,0.493,14.355,0.193
1881-04-01,8.323,0.362,14.297,0.787,2.291,0.879,15.267,0.157
1881-05-01,11.165,0.406,17.283,0.842,5.263,0.644,15.999,0.172
1881-06-01,12.745,0.357,18.946,0.717,6.801,0.534,16.329,0.164
1881-07-01,14.203,0.344,20.295,0.676,8.334,0.504,16.783,0.155
1881-08-01,13.71,0.376,19.879,0.559,8.047,0.788,16.665,0.154
1881-09-01,11.689,0.287,17.43,0.666,5.876,0.535,15.982,0.141
1881-10-01,8.851,0.315,14.232,0.518,2.936,0.449,15.115,0.148
1881-11-01,5.272,0.397,10.781,0.674,-0.203,0.552,14.019,0.157
1881-12-01,3.196,0.439,8.598,1.063,-2.597,0.537,13.511,0.169
1882-01-01,2.99,0.486,8.392,0.69,-3.022,0.914,13.632,0.18
1882-02-01,3.231,0.427,8.754,0.826,-3.067,1.06,13.843,0.172
1882-03-01,5.04,0.498,10.794,0.634,-1.411,0.718,14.339,0.185
1882-04-01,7.691,0.369,13.713,0.516,1.752,0.664,15.031,0.156
1882-05-01,10.888,0.337,16.83,0.577,4.887,0.546,15.816,0.151
1882-06-01,12.805,0.298,18.941,0.613,7.032,0.534,16.356,0.142
1882-07-01,13.747,0.334,19.773,0.639,7.965,0.488,16.634,0.148
1882-08-01,13.703,0.433,19.832,0.748,7.836,0.443,16.678,0.171
1882-09-01,11.736,0.287,17.769,0.493,5.891,0.458,16.108,0.141
1882-10-01,8.445,0.327,14.596,0.659,2.784,0.461,15.022,0.151
1882-11-01,5.066,0.359,11.404,0.892,-0.581,0.841,14.033,0.157
1882-12-01,2.205,0.404,8.573,0.744,-2.795,0.581,13.187,0.167
1883-01-01,1.46,0.53,7.064,0.622,-4.519,0.605,13.106,0.19
1883-02-01,1.856,0.498,7.54,0.934,-4.303,0.65,13.358,0.18
1883-03-01,4.929,0.421,10.123,0.625,-2.094,0.726,14.236,0.162
1883-04-01,7.691,0.424,13.967,0.528,1.468,0.7,14.916,0.166
1883-05-01,10.832,0.354,16.898,0.512,4.793,0.459,15.825,0.153
1883-06-01,13.302,0.294,20.049,0.703,7.303,0.398,16.512,0.139
1883-07-01,14.011,0.355,20.457,0.625,7.719,0.453,16.664,0.146
1883-08-01,13.224,0.34,19.591,0.65,7.464,0.365,16.538,0.136
1883-09-01,11.343,0.327,17.663,0.583,5.299,0.349,15.956,0.137
1883-10-01,8.909,0.249,14.621,0.569,2.671,0.601,15.054,0.123
1883-11-01,4.905,0.293,10.987,0.559,-0.436,0.647,13.943,0.135
1883-12-01,3.261,0.363,8.587,0.629,-2.803,0.76,13.451,0.147
1884-01-01,2.12,0.472,7.567,0.598,-4.118,0.947,13.279,0.17
1884-02-01,2.474,0.486,8.292,0.676,-3.841,0.497,13.6,0.176
1884-03-01,3.892,0.476,10.552,0.595,-2.444,0.75,13.914,0.174
1884-04-01,7.186,0.311,13.58,0.558,0.699,0.646,14.744,0.136
1884-05-01,10.198,0.353,16.466,0.56,3.989,0.453,15.558,0.14
1884-06-01,12.527,0.382,18.787,0.643,6.362,0.517,16.185,0.144
1884-07-01,13.622,0.375,19.569,0.544,7.468,0.494,16.434,0.143
1884-08-01,13.257,0.41,19.318,0.554,7.251,0.457,16.408,0.151
1884-09-01,11.235,0.392,17.365,0.849,5.365,0.345,15.826,0.148
1884-10-01,8.581,0.307,14.304,0.463,2.587,0.577,14.954,0.13
1884-11-01,5.164,0.383,10.464,0.563,-0.991,0.486,13.827,0.144
1884-12-01,3.028,0.408,8.041,0.671,-2.554,0.661,13.27,0.152
1885-01-01,1.003,0.664,6.421,0.664,-4.621,0.698,12.889,0.215
1885-02-01,2.243,0.578,8.247,0.695,-3.438,0.728,13.327,0.192
1885-03-01,4.622,0.381,10.56,0.6,-2.023,0.603,14.021,0.146
1885-04-01,7.336,0.398,13.483,0.745,1.352,0.428,14.747,0.148
1885-05-01,10.567,0.391,16.704,0.657,4.202,0.739,15.565,0.145
1885-06-01,12.716,0.304,18.762,0.513,6.492,0.343,16.105,0.129
1885-07-01,13.972,0.369,20.205,0.496,7.628,0.554,16.601,0.142
1885-08-01,13.351,0.445,19.889,0.668,7.087,0.607,16.438,0.157
1885-09-01,11.435,0.365,17.317,0.534,5.28,0.451,15.907,0.14
1885-10-01,8.722,0.347,14.707,0.494,2.547,0.426,15.054,0.137
1885-11-01,5.425,0.377,11.488,0.436,-0.476,0.726,14.057,0.143
1885-12-01,3.644,0.481,9.156,0.554,-1.539,0.719,13.542,0.165
1886-01-01,1.436,0.545,7.023,0.587,-3.755,0.552,13.001,0.181
1886-02-01,1.793,0.453,8.015,0.79,-3.884,0.782,13.176,0.16
1886-03-01,4.262,0.346,10.568,0.539,-2.188,0.666,13.888,0.135
1886-04-01,7.909,0.299,14.085,0.592,1.367,0.461,14.841,0.129
1886-05-01,10.784,0.468,17.196,0.8,4.422,0.496,15.837,0.165
1886-06-01,12.789,0.318,19.145,0.665,6.56,0.627,16.197,0.127
1886-07-01,14.226,0.354,20.004,0.72,8.055,0.543,16.622,0.138
1886-08-01,13.323,0.369,19.344,0.71,7.449,0.595,16.458,0.137
1886-09-01,11.6,0.323,17.419,0.604,5.62,0.313,15.831,0.131
1886-10-01,8.604,0.355,14.735,0.608,2.58,0.457,14.979,0.139
1886-11-01,5.226,0.353,11.208,0.483,-0.71,0.543,13.877,0.141
1886-12-01,3.502,0.449,8.616,0.717,-1.862,0.842,13.316,0.161
1887-01-01,0.824,0.568,6.864,0.545,-4.678,1.038,12.62,0.187
1887-02-01,2.054,0.464,8.143,0.554,-4.047,0.536,13.096,0.166
1887-03-01,4.552,0.433,10.828,0.514,-1.901,0.45,13.946,0.16
1887-04-01,7.789,0.333,13.936,0.406,1.524,0.471,14.941,0.141
1887-05-01,10.84,0.396,17.337,0.501,4.569,0.449,15.651,0.153
1887-06-01,12.89,0.327,18.431,0.629,6.514,0.58,16.214,0.136
1887-07-01,14.021,0.343,19.899,0.666,8.199,0.436,16.63,0.137
1887-08-01,13.097,0.358,19.177,0.593,7.391,0.696,16.372,0.138
1887-09-01,11.707,0.378,17.392,0.492,5.701,0.496,15.916,0.147
1887-10-01,8.738,0.263,14.716,0.69,2.531,0.413,14.983,0.126
1887-11-01,5.592,0.382,11.66,0.575,-0.264,0.446,14.037,0.145
1887-12-01,2.875,0.46,8.298,0.901,-2.656,0.656,13.386,0.166
1888-01-01,1.708,0.375,6.686,0.579,-4.299,0.531,13.132,0.148
1888-02-01,2.039,0.456,7.898,0.701,-3.555,0.942,13.32,0.165
1888-03-01,4.3,0.401,10.491,0.504,-2.039,0.569,13.972,0.152
1888-04-01,7.845,0.429,13.884,0.837,1.66,0.738,14.938,0.157
1888-05-01,10.62,0.389,16.329,0.543,4.187,0.598,15.73,0.152
1888-06-01,12.921,0.395,18.897,0.738,6.476,0.482,16.36,0.153
1888-07-01,14.242,0.321,20.063,0.746,7.77,0.403,16.686,0.135
1888-08-01,13.511,0.436,19.36,0.716,7.288,0.476,16.611,0.158
1888-09-01,11.685,0.344,17.808,0.375,5.469,0.561,15.995,0.142
1888-10-01,9.201,0.286,14.783,0.391,2.951,0.493,15.318,0.131
1888-11-01,5.792,0.361,11.384,0.377,0.052,0.42,14.259,0.144
1888-12-01,3.222,0.396,9.327,0.557,-2.511,0.512,13.608,0.154
1889-01-01,1.762,0.458,7.377,0.729,-4.053,0.984,13.417,0.168
1889-02-01,3.409,0.399,8.814,0.612,-2.899,0.526,13.954,0.156
1889-03-01,5.299,0.419,11.628,0.611,-0.808,0.452,14.446,0.165
1889-04-01,8.589,0.332,14.392,0.519,2.502,0.51,15.305,0.146
1889-05-01,11.242,0.372,17.19,0.505,5.032,0.524,15.915,0.153
1889-06-01,13.288,0.275,19.314,0.586,7.196,0.399,16.498,0.132
1889-07-01,14.225,0.327,20.315,0.494,8.311,0.347,16.796,0.144
1889-08-01,13.504,0.383,19.732,0.535,7.615,0.452,16.604,0.153
1889-09-01,11.547,0.339,17.455,0.416,5.635,0.559,15.913,0.146
1889-10-01,8.865,0.282,14.902,0.594,2.608,0.84,15.116,0.139
1889-11-01,4.999,0.44,11.146,0.522,-0.567,0.42,13.996,0.169
1889-12-01,3.099,0.412,9.264,0.438,-2.395,0.596,13.401,0.158
1890-01-01,1.836,0.401,7.647,0.458,-4.24,0.56,13.068,0.157
1890-02-01,2.516,0.373,8.668,0.564,-3.764,0.461,13.394,0.157
1890-03-01,4.21,0.377,10.474,0.404,-2.171,0.573,13.891,0.158
1890-04-01,7.739,0.357,13.672,0.64,1.641,0.408,14.875,0.153
1890-05-01,10.464,0.373,16.865,0.595,3.943,0.403,15.624,0.156
1890-06-01,12.872,0.352,18.703,0.627,6.707,0.572,16.25,0.147
1890-07-01,14.034,0.354,19.718,0.908,7.857,0.687,16.528,0.153
1890-08-01,13.266,0.352,19.325,0.67,7.147,0.407,16.427,0.148
1890-09-01,11.546,0.324,17.266,0.522,5.494,0.398,15.842,0.145
1890-10-01,9.178,0.238,14.747,0.415,3.367,0.542,15.02,0.135
1890-11-01,5.03,0.273,11.451,0.666,-1.043,0.562,13.803,0.138
1890-12-01,2.969,0.342,8.611,0.512,-2.729,0.526,13.367,0.149
1891-01-01,1.678,0.351,7.589,0.622,-4.011,0.492,13.037,0.155
1891-02-01,1.88,0.398,8.122,0.569,-4.465,0.507,13.298,0.165
1891-03-01,4.755,0.331,10.629,0.44,-1.449,0.593,14.191,0.153
1891-04-01,7.618,0.284,13.979,0.382,1.182,0.424,14.918,0.147
1891-05-01,10.785,0.388,16.645,0.453,4.317,0.385,15.844,0.162
1891-06-01,12.888,0.253,18.588,0.48,6.635,0.413,16.297,0.137
1891-07-01,13.93,0.338,19.849,0.393,7.818,0.445,16.62,0.155
1891-08-01,13.496,0.365,19.472,0.584,7.29,0.454,16.549,0.162
1891-09-01,11.763,0.264,17.649,0.614,5.704,0.342,16.07,0.14
1891-10-01,8.722,0.281,15.042,0.324,2.764,0.383,15.023,0.147
1891-11-01,5.115,0.353,11.033,0.349,-0.781,0.324,13.92,0.151
1891-12-01,3.602,0.418,9.803,0.429,-2.138,0.531,13.559,0.169
1892-01-01,2.018,0.399,7.683,0.462,-3.93,0.465,13.264,0.162
1892-02-01,2.805,0.326,9.078,0.667,-3.253,0.464,13.667,0.146
1892-03-01,4.362,0.39,10.752,0.599,-1.931,0.432,13.979,0.158
1892-04-01,7.562,0.301,13.802,0.415,1.205,0.427,14.804,0.149
1892-05-01,10.622,0.36,16.578,0.413,4.426,0.413,15.655,0.158
1892-06-01,13.263,0.279,19.003,0.463,6.86,0.322,16.303,0.149
1892-07-01,13.89,0.328,19.82,0.529,7.917,0.364,16.476,0.157
1892-08-01,13.42,0.353,19.264,0.477,7.448,0.389,16.39,0.155
1892-09-01,11.764,0.26,17.858,0.397,5.552,0.326,15.998,0.145
1892-10-01,9.29,0.268,15.08,0.388,3.347,0.388,15.126,0.147
1892-11-01,4.859,0.331,10.432,0.728,-1.014,0.469,13.732,0.156
1892-12-01,2.935,0.471,8.297,0.59,-2.847,0.452,13.196,0.19
1893-01-01,0.5,0.488,5.9,0.799,-5.345,0.48,12.702,0.186
1893-02-01,1.654,0.365,7.616,0.543,-4.558,0.497,13.23,0.161
1893-03-01,4.979,0.4,11.066,0.62,-1.252,0.368,14.111,0.163
1893-04-01,7.994,0.294,13.697,0.646,1.582,0.379,14.871,0.147
1893-05-01,10.747,0.365,16.812,0.478,4.489,0.377,15.662,0.155
1893-06-01,13.051,0.287,18.981,0.343,6.781,0.364,16.382,0.144
1893-07-01,14.318,0.339,20.005,0.426,8.102,0.387,16.788,0.155
1893-08-01,13.454,0.367,19.448,0.348,7.322,0.336,16.65,0.153
1893-09-01,11.767,0.295,17.799,0.308,5.599,0.26,15.932,0.139
1893-10-01,9.16,0.263,15.185,0.325,3.099,0.372,15.152,0.139
1893-11-01,5.902,0.281,11.701,0.326,-0.143,0.272,14.079,0.144
1893-12-01,3.155,0.399,9.03,0.429,-2.79,0.321,13.388,0.165
1894-01-01,1.691,0.372,7.41,0.567,-4.039,0.422,13.039,0.159
1894-02-01,2.923,0.354,8.898,0.534,-3.028,0.486,13.455,0.155
1894-03-01,5.118,0.398,11.086,0.439,-1.093,0.643,14.08,0.167
1894-04-01,7.663,0.355,13.793,0.498,1.472,0.371,14.794,0.156
1894-05-01,10.944,0.293,16.929,0.441,4.611,0.39,15.656,0.148
1894-06-01,12.858,0.276,18.782,0.362,6.603,0.341,16.226,0.142
1894-07-01,14.004,0.311,19.851,0.483,7.788,0.335,16.687,0.156
1894-08-01,13.488,0.364,19.326,0.373,7.364,0.35,16.565,0.151
1894-09-01,11.58,0.279,17.425,0.257,5.503,0.317,15.927,0.141
1894-10-01,9.125,0.223,15.042,0.419,2.997,0.356,15.165,0.134
1894-11-01,5.405,0.282,11.187,0.338,-0.491,0.46,14.036,0.146
1894-12-01,3.133,0.3,8.757,0.392,-2.202,0.535,13.347,0.149
1895-01-01,1.295,0.28,6.961,0.661,-4.319,0.657,13.084,0.14
1895-02-01,2,0.329,8.18,0.686,-4.026,0.534,13.303,0.153
1895-03-01,4.689,0.318,10.838,0.333,-1.594,0.389,13.989,0.157
1895-04-01,8.247,0.285,14.509,0.457,1.915,0.497,15.005,0.154
1895-05-01,10.867,0.321,16.892,0.487,4.639,0.373,15.703,0.158
1895-06-01,13.058,0.266,19.059,0.485,6.905,0.312,16.352,0.141
1895-07-01,14.053,0.312,19.614,0.563,7.875,0.382,16.716,0.153
1895-08-01,13.489,0.36,19.471,0.414,7.167,0.338,16.612,0.151
1895-09-01,11.743,0.294,17.597,0.426,5.687,0.303,15.981,0.141
1895-10-01,9.117,0.224,15.159,0.235,2.878,0.359,15.151,0.125
1895-11-01,5.744,0.268,11.42,0.49,-0.011,0.42,14.219,0.138
1895-12-01,3.462,0.334,9.232,0.32,-2.206,0.403,13.513,0.151
1896-01-01,2.291,0.392,7.924,0.637,-3.408,0.446,13.366,0.162
1896-02-01,2.707,0.288,8.447,0.504,-3.367,0.606,13.576,0.146
1896-03-01,4.279,0.302,10.469,0.35,-1.868,0.427,14.047,0.145
1896-04-01,7.33,0.347,13.586,0.531,1.225,0.372,14.895,0.16
1896-05-01,10.893,0.339,17.01,0.496,4.626,0.484,15.817,0.16
1896-06-01,13.304,0.267,19.34,0.703,6.863,0.348,16.515,0.14
1896-07-01,14.233,0.328,19.886,0.413,8.087,0.321,16.866,0.151
1896-08-01,13.624,0.369,19.572,0.384,7.275,0.367,16.762,0.157
1896-09-01,11.824,0.277,17.727,0.409,5.561,0.353,16.143,0.142
1896-10-01,9.416,0.229,15.35,0.326,3.212,0.361,15.27,0.13
1896-11-01,5.366,0.296,11.173,0.506,-0.469,0.4,14.187,0.141
1896-12-01,3.312,0.272,8.811,0.439,-2.36,0.309,13.643,0.142
1897-01-01,1.893,0.36,7.412,0.354,-3.573,0.474,13.312,0.161
1897-02-01,2.429,0.281,8.148,0.49,-3.519,0.475,13.555,0.145
1897-03-01,4.345,0.29,10.442,0.524,-2.123,0.457,14.152,0.155
1897-04-01,8.278,0.277,14.293,0.454,1.74,0.293,15.217,0.143
1897-05-01,11.377,0.306,17.251,0.411,5.068,0.457,16.02,0.145
1897-06-01,13.319,0.355,19.445,0.717,7.226,0.357,16.505,0.155
1897-07-01,14.31,0.37,20.297,0.407,8.312,0.332,16.783,0.161
1897-08-01,13.668,0.392,19.753,0.422,7.592,0.329,16.676,0.161
1897-09-01,11.925,0.254,17.918,0.269,5.901,0.281,16.068,0.133
1897-10-01,9.197,0.251,15.166,0.412,3.279,0.258,15.168,0.135
1897-11-01,5.608,0.349,11.616,0.524,-0.197,0.407,14.047,0.153
1897-12-01,3.171,0.281,8.5,0.912,-2.177,0.437,13.401,0.145
1898-01-01,2.737,0.31,8.35,0.616,-2.885,0.37,13.396,0.149
1898-02-01,2.354,0.314,8.239,0.377,-3.651,0.46,13.364,0.149
1898-03-01,3.751,0.271,10.174,0.377,-2.657,0.512,13.749,0.143
1898-04-01,7.907,0.337,14.459,0.289,1.49,0.337,14.868,0.155
1898-05-01,10.835,0.306,17.056,0.58,4.498,0.497,15.621,0.144
1898-06-01,13.395,0.421,19.452,0.561,7.067,0.4,16.393,0.164
1898-07-01,14.138,0.367,20.145,0.495,8.039,0.306,16.627,0.154
1898-08-01,13.579,0.414,19.628,0.592,7.657,0.338,16.512,0.161
1898-09-01,11.753,0.322,17.702,0.325,5.902,0.332,15.914,0.149
1898-10-01,8.828,0.247,14.69,0.364,2.831,0.336,14.915,0.131
1898-11-01,5.452,0.274,11.444,0.358,-0.359,0.35,13.933,0.139
1898-12-01,3.407,0.325,9.443,0.565,-2.096,0.42,13.351,0.144
1899-01-01,2.515,0.326,8.443,0.286,-3.262,0.517,13.306,0.147
1899-02-01,2.38,0.42,8.17,0.437,-3.442,0.361,13.399,0.167
1899-03-01,4.618,0.293,10.635,0.371,-1.567,0.306,14.003,0.143
1899-04-01,8.281,0.345,14.438,0.547,2.074,0.386,15.026,0.153
1899-05-01,11.023,0.31,17.132,0.384,4.967,0.462,15.836,0.143
1899-06-01,12.856,0.29,18.799,0.328,6.872,0.276,16.243,0.141
1899-07-01,14.159,0.333,20.168,0.521,7.953,0.341,16.689,0.15
1899-08-01,13.777,0.394,19.598,0.553,7.646,0.342,16.746,0.157
1899-09-01,12.128,0.282,18.223,0.439,5.974,0.293,16.178,0.138
1899-10-01,9.409,0.252,15.317,0.323,3.551,0.422,15.287,0.134
1899-11-01,6.605,0.31,12.417,0.249,1.063,0.431,14.455,0.144
1899-12-01,3.005,0.342,8.639,0.67,-2.668,0.433,13.412,0.153
,,,,,,,,
,,,,,,,,
,,,,,,,,
,,,,,,,,
,,,,,,,,
,,,,,,,,
,,,,,,,,
,,,,,,,,
,,,,,,,,
,,,,,,,,
,,,,,,,,
,,,,,,,,
,,,,,,,,
,,,,,,,,
,,,,,,,,
,,,,,,,,
,,,,,,,,
,,,,,,,,
,,,,,,,,
,,,,,,,,
,,,,,,,,
,,,,,,,,
,,,,,,,,
,,,,,,,,
,,,,,,,,
,,,,,,,,
,,,,,,,,
,,,,,,,,
,,,,,,,,
,,,,,,,,
,,,,,,,,
,,,,,,,,
,,,,,,,,
,,,,,,,,
,,,,,,,,
,,,,,,,,
,,,,,,,,
,,,,,,,,
,,,,,,,,
,,,,,,,,
,,,,,,,,
,,,,,,,,
,,,,,,,,
,,,,,,,,
,,,,,,,,
,,,,,,,,
,,,,,,,,
,,,,,,,,
,,,,,,,,
,,,,,,,,
,,,,,,,,
,,,,,,,,
,,,,,,,,
,,,,,,,,
,,,,,,,,
,,,,,,,,
,,,,,,,,
,,,,,,,,
,,,,,,,,
,,,,,,,,
,,,,,,,,
,,,,,,,,
,,,,,,,,
,,,,,,,,
,,,,,,,,
,,,,,,,,
,,,,,,,,
,,,,,,,,
,,,,,,,,
,,,,,,,,
,,,,,,,,
,,,,,,,,
,,,,,,,,
,,,,,,,,
,,,,,,,,
,,,,,,,,
,,,,,,,,
,,,,,,,,
,,,,,,,,
,,,,,,,,
,,,,,,,,
,,,,,,,,
,,,,,,,,
,,,,,,,,
,,,,,,,,
,,,,,,,,
,,,,,,,,
,,,,,,,,
,,,,,,,,
,,,,,,,,
,,,,,,,,
,,,,,,,,
,,,,,,,,
,,,,,,,,
,,,,,,,,
,,,,,,,,
,,,,,,,,
,,,,,,,,
,,,,,,,,
,,,,,,,,
,,,,,,,,
,,,,,,,,
,,,,,,,,
,,,,,,,,
,,,,,,,,
,,,,,,,,
,,,,,,,,
,,,,,,,,
,,,,,,,,
,,,,,,,,
,,,,,,,,
,,,,,,,,
,,,,,,,,
,,,,,,,,
,,,,,,,,
,,,,,,,,
,,,,,,,,
,,,,,,,,
,,,,,,,,
,,,,,,,,
,,,,,,,,
,,,,,,,,
,,,,,,,,
,,,,,,,,
,,,,,,,,
,,,,,,,,
,,,,,,,,
,,,,,,,,
,,,,,,,,
,,,,,,,,
,,,,,,,,
,,,,,,,,
,,,,,,,,
,,,,,,,,
,,,,,,,,
,,,,,,,,
,,,,,,,,
,,,,,,,,
,,,,,,,,
,,,,,,,,
,,,,,,,,
,,,,,,,,
,,,,,,,,
,,,,,,,,
,,,,,,,,
,,,,,,,,
,,,,,,,,
,,,,,,,,
,,,,,,,,
,,,,,,,,
,,,,,,,,
,,,,,,,,
,,,,,,,,
,,,,,,,,
,,,,,,,,
,,,,,,,,
,,,,,,,,
,,,,,,,,
,,,,,,,,
,,,,,,,,
,,,,,,,,
,,,,,,,,
,,,,,,,,
,,,,,,,,
,,,,,,,,
,,,,,,,,
,,,,,,,,
,,,,,,,,
,,,,,,,,
,,,,,,,,
,,,,,,,,
,,,,,,,,
,,,,,,,,
,,,,,,,,
,,,,,,,,
,,,,,,,,
,,,,,,,,
,,,,,,,,
,,,,,,,,
,,,,,,,,
,,,,,,,,
,,,,,,,,
,,,,,,,,
,,,,,,,,
,,,,,,,,
,,,,,,,,
,,,,,,,,
,,,,,,,,
,,,,,,,,
,,,,,,,,
,,,,,,,,
,,,,,,,,
,,,,,,,,
,,,,,,,,
,,,,,,,,
,,,,,,,,
,,,,,,,,
,,,,,,,,
,,,,,,,,
,,,,,,,,
,,,,,,,,
,,,,,,,,
,,,,,,,,
,,,,,,,,
,,,,,,,,
,,,,,,,,
,,,,,,,,
,,,,,,,,
,,,,,,,,
,,,,,,,,
,,,,,,,,
,,,,,,,,
,,,,,,,,
,,,,,,,,
,,,,,,,,
,,,,,,,,
,,,,,,,,
,,,,,,,,
,,,,,,,,
,,,,,,,,
,,,,,,,,
,,,,,,,,
,,,,,,,,
,,,,,,,,
,,,,,,,,
,,,,,,,,
,,,,,,,,
,,,,,,,,
,,,,,,,,
,,,,,,,,
,,,,,,,,
,,,,,,,,
,,,,,,,,
,,,,,,,,
,,,,,,,,
,,,,,,,,
,,,,,,,,
,,,,,,,,
,,,,,,,,
,,,,,,,,
,,,,,,,,
,,,,,,,,
,,,,,,,,
,,,,,,,,
,,,,,,,,
,,,,,,,,
,,,,,,,,
,,,,,,,,
,,,,,,,,
,,,,,,,,
,,,,,,,,
,,,,,,,,
,,,,,,,,
,,,,,,,,
,,,,,,,,
,,,,,,,,
,,,,,,,,
,,,,,,,,
,,,,,,,,
,,,,,,,,
,,,,,,,,
,,,,,,,,
,,,,,,,,
,,,,,,,,
,,,,,,,,
,,,,,,,,
,,,,,,,,
,,,,,,,,
,,,,,,,,
,,,,,,,,
,,,,,,,,
,,,,,,,,
,,,,,,,,
,,,,,,,,
,,,,,,,,
,,,,,,,,
,,,,,,,,
,,,,,,,,
,,,,,,,,
,,,,,,,,
,,,,,,,,
,,,,,,,,
,,,,,,,,
,,,,,,,,
,,,,,,,,
,,,,,,,,
,,,,,,,,
,,,,,,,,
,,,,,,,,
,,,,,,,,
,,,,,,,,
,,,,,,,,
,,,,,,,,
,,,,,,,,
,,,,,,,,
,,,,,,,,
,,,,,,,,
,,,,,,,,
,,,,,,,,
,,,,,,,,
,,,,,,,,
,,,,,,,,
,,,,,,,,
,,,,,,,,
,,,,,,,,
,,,,,,,,
,,,,,,,,
,,,,,,,,
,,,,,,,,
,,,,,,,,
,,,,,,,,
,,,,,,,,
,,,,,,,,
,,,,,,,,
,,,,,,,,
,,,,,,,,
,,,,,,,,
,,,,,,,,
,,,,,,,,
,,,,,,,,
,,,,,,,,
,,,,,,,,
,,,,,,,,
,,,,,,,,
,,,,,,,,
,,,,,,,,
,,,,,,,,
,,,,,,,,
,,,,,,,,
,,,,,,,,
,,,,,,,,
,,,,,,,,
,,,,,,,,
,,,,,,,,
,,,,,,,,
,,,,,,,,
,,,,,,,,
,,,,,,,,
,,,,,,,,
,,,,,,,,
,,,,,,,,
,,,,,,,,
,,,,,,,,
,,,,,,,,
,,,,,,,,
,,,,,,,,
,,,,,,,,
,,,,,,,,
,,,,,,,,
,,,,,,,,
,,,,,,,,
,,,,,,,,
,,,,,,,,
,,,,,,,,
,,,,,,,,
,,,,,,,,
,,,,,,,,
,,,,,,,,
,,,,,,,,
,,,,,,,,
,,,,,,,,
,,,,,,,,
,,,,,,,,
,,,,,,,,
,,,,,,,,
,,,,,,,,
,,,,,,,,
,,,,,,,,
,,,,,,,,
,,,,,,,,
,,,,,,,,
,,,,,,,,
,,,,,,,,
,,,,,,,,
,,,,,,,,
,,,,,,,,
,,,,,,,,
,,,,,,,,
,,,,,,,,
,,,,,,,,
,,,,,,,,
,,,,,,,,
,,,,,,,,
,,,,,,,,
,,,,,,,,
,,,,,,,,
,,,,,,,,
,,,,,,,,
,,,,,,,,
,,,,,,,,
,,,,,,,,
,,,,,,,,
,,,,,,,,
,,,,,,,,
,,,,,,,,
,,,,,,,,
,,,,,,,,
,,,,,,,,
,,,,,,,,
,,,,,,,,
,,,,,,,,
,,,,,,,,
,,,,,,,,
,,,,,,,,
,,,,,,,,
,,,,,,,,
,,,,,,,,
,,,,,,,,
,,,,,,,,
,,,,,,,,
,,,,,,,,
,,,,,,,,
,,,,,,,,
,,,,,,,,
,,,,,,,,
,,,,,,,,
,,,,,,,,
,,,,,,,,
,,,,,,,,
,,,,,,,,
,,,,,,,,
,,,,,,,,
,,,,,,,,
,,,,,,,,
,,,,,,,,
,,,,,,,,
,,,,,,,,
,,,,,,,,
,,,,,,,,
,,,,,,,,
,,,,,,,,
,,,,,,,,
,,,,,,,,
,,,,,,,,
,,,,,,,,
,,,,,,,,
,,,,,,,,
,,,,,,,,
,,,,,,,,
,,,,,,,,
,,,,,,,,
,,,,,,,,
,,,,,,,,
,,,,,,,,
,,,,,,,,
,,,,,,,,
,,,,,,,,
,,,,,,,,
,,,,,,,,
,,,,,,,,
,,,,,,,,
,,,,,,,,
,,,,,,,,
,,,,,,,,
,,,,,,,,
,,,,,,,,
,,,,,,,,
,,,,,,,,
,,,,,,,,
,,,,,,,,
,,,,,,,,
,,,,,,,,
,,,,,,,,
,,,,,,,,
,,,,,,,,
,,,,,,,,
,,,,,,,,
,,,,,,,,
,,,,,,,,
,,,,,,,,
,,,,,,,,
,,,,,,,,
,,,,,,,,
,,,,,,,,
,,,,,,,,
,,,,,,,,
,,,,,,,,
,,,,,,,,
,,,,,,,,
,,,,,,,,
,,,,,,,,
,,,,,,,,
,,,,,,,,
,,,,,,,,
,,,,,,,,
,,,,,,,,
,,,,,,,,
,,,,,,,,
,,,,,,,,
,,,,,,,,
,,,,,,,,
,,,,,,,,
,,,,,,,,
,,,,,,,,
,,,,,,,,
,,,,,,,,
,,,,,,,,
,,,,,,,,
,,,,,,,,
,,,,,,,,
,,,,,,,,
,,,,,,,,
,,,,,,,,
,,,,,,,,
,,,,,,,,
,,,,,,,,
,,,,,,,,
,,,,,,,,
,,,,,,,,
,,,,,,,,
,,,,,,,,
,,,,,,,,
,,,,,,,,
,,,,,,,,
,,,,,,,,
,,,,,,,,
,,,,,,,,
,,,,,,,,
,,,,,,,,
,,,,,,,,
,,,,,,,,
,,,,,,,,
,,,,,,,,
,,,,,,,,
,,,,,,,,
,,,,,,,,
,,,,,,,,
,,,,,,,,
,,,,,,,,
,,,,,,,,
,,,,,,,,
,,,,,,,,
,,,,,,,,
,,,,,,,,
,,,,,,,,
,,,,,,,,
,,,,,,,,
,,,,,,,,
,,,,,,,,
,,,,,,,,
,,,,,,,,
,,,,,,,,
,,,,,,,,
,,,,,,,,
,,,,,,,,
,,,,,,,,
,,,,,,,,
,,,,,,,,
,,,,,,,,
,,,,,,,,
,,,,,,,,
,,,,,,,,
,,,,,,,,
,,,,,,,,
,,,,,,,,
,,,,,,,,
,,,,,,,,
,,,,,,,,
,,,,,,,,
,,,,,,,,
,,,,,,,,
,,,,,,,,
,,,,,,,,
,,,,,,,,
,,,,,,,,
,,,,,,,,
,,,,,,,,
,,,,,,,,
,,,,,,,,
,,,,,,,,
,,,,,,,,
,,,,,,,,
,,,,,,,,
,,,,,,,,
,,,,,,,,
,,,,,,,,
,,,,,,,,
,,,,,,,,
,,,,,,,,
,,,,,,,,
,,,,,,,,
,,,,,,,,
,,,,,,,,
,,,,,,,,
,,,,,,,,
,,,,,,,,
,,,,,,,,
,,,,,,,,
,,,,,,,,
,,,,,,,,
,,,,,,,,
,,,,,,,,
,,,,,,,,
,,,,,,,,
,,,,,,,,
,,,,,,,,
,,,,,,,,
,,,,,,,,
,,,,,,,,
,,,,,,,,
,,,,,,,,
,,,,,,,,
,,,,,,,,
,,,,,,,,
,,,,,,,,
,,,,,,,,
,,,,,,,,
,,,,,,,,
,,,,,,,,
,,,,,,,,
,,,,,,,,
,,,,,,,,
,,,,,,,,
,,,,,,,,
,,,,,,,,
,,,,,,,,
,,,,,,,,
,,,,,,,,
,,,,,,,,
,,,,,,,,
,,,,,,,,
,,,,,,,,
,,,,,,,,
,,,,,,,,
,,,,,,,,
,,,,,,,,
,,,,,,,,
,,,,,,,,
,,,,,,,,
,,,,,,,,
,,,,,,,,
,,,,,,,,
,,,,,,,,
,,,,,,,,
,,,,,,,,
,,,,,,,,
,,,,,,,,
,,,,,,,,
,,,,,,,,
,,,,,,,,
,,,,,,,,
,,,,,,,,
,,,,,,,,
,,,,,,,,
,,,,,,,,
,,,,,,,,
,,,,,,,,
,,,,,,,,
,,,,,,,,
,,,,,,,,
,,,,,,,,
,,,,,,,,
,,,,,,,,
,,,,,,,,
,,,,,,,,
,,,,,,,,
,,,,,,,,
,,,,,,,,
,,,,,,,,
,,,,,,,,
,,,,,,,,
,,,,,,,,
,,,,,,,,
,,,,,,,,
,,,,,,,,
,,,,,,,,
,,,,,,,,
,,,,,,,,
,,,,,,,,
,,,,,,,,
,,,,,,,,
,,,,,,,,
,,,,,,,,
,,,,,,,,
,,,,,,,,
,,,,,,,,
,,,,,,,,
,,,,,,,,
,,,,,,,,
,,,,,,,,
,,,,,,,,
,,,,,,,,
,,,,,,,,
,,,,,,,,
,,,,,,,,
,,,,,,,,
,,,,,,,,
,,,,,,,,
,,,,,,,,
,,,,,,,,
,,,,,,,,
,,,,,,,,
,,,,,,,,
,,,,,,,,
,,,,,,,,
,,,,,,,,
,,,,,,,,
,,,,,,,,
,,,,,,,,
,,,,,,,,
,,,,,,,,
,,,,,,,,
,,,,,,,,
,,,,,,,,
,,,,,,,,
,,,,,,,,
,,,,,,,,
,,,,,,,,
,,,,,,,,
,,,,,,,,
,,,,,,,,
,,,,,,,,
,,,,,,,,
,,,,,,,,
,,,,,,,,
,,,,,,,,
,,,,,,,,
,,,,,,,,
,,,,,,,,
,,,,,,,,
,,,,,,,,
,,,,,,,,
,,,,,,,,
,,,,,,,,
,,,,,,,,
,,,,,,,,
,,,,,,,,
,,,,,,,,
,,,,,,,,
,,,,,,,,
,,,,,,,,
,,,,,,,,
,,,,,,,,
,,,,,,,,
,,,,,,,,
,,,,,,,,
,,,,,,,,
,,,,,,,,
,,,,,,,,
,,,,,,,,
,,,,,,,,
,,,,,,,,
,,,,,,,,
,,,,,,,,
,,,,,,,,
,,,,,,,,
,,,,,,,,
,,,,,,,,
,,,,,,,,
,,,,,,,,
,,,,,,,,
,,,,,,,,
,,,,,,,,
,,,,,,,,
,,,,,,,,
,,,,,,,,
,,,,,,,,
,,,,,,,,
,,,,,,,,
,,,,,,,,
,,,,,,,,
,,,,,,,,
,,,,,,,,
,,,,,,,,
,,,,,,,,
,,,,,,,,
,,,,,,,,
,,,,,,,,
,,,,,,,,
,,,,,,,,
,,,,,,,,
,,,,,,,,
,,,,,,,,
,,,,,,,,
,,,,,,,,
,,,,,,,,
,,,,,,,,
,,,,,,,,
,,,,,,,,
,,,,,,,,
,,,,,,,,
,,,,,,,,
,,,,,,,,
,,,,,,,,
,,,,,,,,
,,,,,,,,
,,,,,,,,
,,,,,,,,
,,,,,,,,
,,,,,,,,
,,,,,,,,
,,,,,,,,
,,,,,,,,
,,,,,,,,
,,,,,,,,
,,,,,,,,
,,,,,,,,
,,,,,,,,
,,,,,,,,
,,,,,,,,
,,,,,,,,
,,,,,,,,
,,,,,,,,
,,,,,,,,
,,,,,,,,
,,,,,,,,
,,,,,,,,
,,,,,,,,
,,,,,,,,
,,,,,,,,
,,,,,,,,
,,,,,,,,
,,,,,,,,
,,,,,,,,
,,,,,,,,
,,,,,,,,
,,,,,,,,
,,,,,,,,
,,,,,,,,
,,,,,,,,
,,,,,,,,
,,,,,,,,
,,,,,,,,
,,,,,,,,
,,,,,,,,
,,,,,,,,
,,,,,,,,
,,,,,,,,
,,,,,,,,
,,,,,,,,
,,,,,,,,
,,,,,,,,
,,,,,,,,
,,,,,,,,
,,,,,,,,
,,,,,,,,
,,,,,,,,
,,,,,,,,
,,,,,,,,
,,,,,,,,
,,,,,,,,
,,,,,,,,
,,,,,,,,
,,,,,,,,
,,,,,,,,
,,,,,,,,
,,,,,,,,
,,,,,,,,
,,,,,,,,
,,,,,,,,
,,,,,,,,
,,,,,,,,
,,,,,,,,
,,,,,,,,
,,,,,,,,
,,,,,,,,
,,,,,,,,
,,,,,,,,
,,,,,,,,
,,,,,,,,
,,,,,,,,
,,,,,,,,
,,,,,,,,
,,,,,,,,
,,,,,,,,
,,,,,,,,
,,,,,,,,
,,,,,,,,
,,,,,,,,
,,,,,,,,
,,,,,,,,
,,,,,,,,
,,,,,,,,
,,,,,,,,
,,,,,,,,
,,,,,,,,
,,,,,,,,
,,,,,,,,
,,,,,,,,
,,,,,,,,
,,,,,,,,
,,,,,,,,
,,,,,,,,
,,,,,,,,
,,,,,,,,
,,,,,,,,
,,,,,,,,
,,,,,,,,
,,,,,,,,
,,,,,,,,
,,,,,,,,
,,,,,,,,
,,,,,,,,
,,,,,,,,
,,,,,,,,
,,,,,,,,
,,,,,,,,
,,,,,,,,
,,,,,,,,
,,,,,,,,
,,,,,,,,
,,,,,,,,
,,,,,,,,
,,,,,,,,
,,,,,,,,
,,,,,,,,
,,,,,,,,
,,,,,,,,
,,,,,,,,
,,,,,,,,
,,,,,,,,
,,,,,,,,
,,,,,,,,
,,,,,,,,
,,,,,,,,
,,,,,,,,
,,,,,,,,
,,,,,,,,
,,,,,,,,
,,,,,,,,
,,,,,,,,
,,,,,,,,
,,,,,,,,
,,,,,,,,
,,,,,,,,
,,,,,,,,
,,,,,,,,
,,,,,,,,
,,,,,,,,
,,,,,,,,
,,,,,,,,
,,,,,,,,
,,,,,,,,
,,,,,,,,
,,,,,,,,
,,,,,,,,
,,,,,,,,
,,,,,,,,
,,,,,,,,
,,,,,,,,
,,,,,,,,
,,,,,,,,
,,,,,,,,
,,,,,,,,
,,,,,,,,
,,,,,,,,
,,,,,,,,
,,,,,,,,
,,,,,,,,
,,,,,,,,
,,,,,,,,
,,,,,,,,
,,,,,,,,
,,,,,,,,
,,,,,,,,
,,,,,,,,
,,,,,,,,
,,,,,,,,
,,,,,,,,
,,,,,,,,
,,,,,,,,
,,,,,,,,
,,,,,,,,
,,,,,,,,
,,,,,,,,
,,,,,,,,
,,,,,,,,
,,,,,,,,
,,,,,,,,
,,,,,,,,
,,,,,,,,
,,,,,,,,
,,,,,,,,
,,,,,,,,
,,,,,,,,
,,,,,,,,
,,,,,,,,
,,,,,,,,
,,,,,,,,
,,,,,,,,
,,,,,,,,
,,,,,,,,
,,,,,,,,
,,,,,,,,
,,,,,,,,
,,,,,,,,
,,,,,,,,
,,,,,,,,
,,,,,,,,
,,,,,,,,
,,,,,,,,
,,,,,,,,
,,,,,,,,
,,,,,,,,
,,,,,,,,
,,,,,,,,
,,,,,,,,
,,,,,,,,
,,,,,,,,
,,,,,,,,
,,,,,,,,
,,,,,,,,
,,,,,,,,
,,,,,,,,
,,,,,,,,
,,,,,,,,
,,,,,,,,
,,,,,,,,
,,,,,,,,
,,,,,,,,
,,,,,,,,
,,,,,,,,
,,,,,,,,
,,,,,,,,
,,,,,,,,
,,,,,,,,
,,,,,,,,
,,,,,,,,
,,,,,,,,
,,,,,,,,
,,,,,,,,
,,,,,,,,
,,,,,,,,
,,,,,,,,
,,,,,,,,
,,,,,,,,
,,,,,,,,
,,,,,,,,
,,,,,,,,
,,,,,,,,
,,,,,,,,
,,,,,,,,
,,,,,,,,
,,,,,,,,
,,,,,,,,
,,,,,,,,
,,,,,,,,
,,,,,,,,
,,,,,,,,
,,,,,,,,
,,,,,,,,
,,,,,,,,
,,,,,,,,
,,,,,,,,
,,,,,,,,
,,,,,,,,
,,,,,,,,
,,,,,,,,
,,,,,,,,
,,,,,,,,
,,,,,,,,
,,,,,,,,
,,,,,,,,
,,,,,,,,
,,,,,,,,
,,,,,,,,
,,,,,,,,
,,,,,,,,
,,,,,,,,
,,,,,,,,
,,,,,,,,
,,,,,,,,
,,,,,,,,
,,,,,,,,
,,,,,,,,
,,,,,,,,
,,,,,,,,
,,,,,,,,
,,,,,,,,
,,,,,,,,
,,,,,,,,
,,,,,,,,
,,,,,,,,
,,,,,,,,
,,,,,,,,
,,,,,,,,
,,,,,,,,
,,,,,,,,
,,,,,,,,
,,,,,,,,
,,,,,,,,
,,,,,,,,
,,,,,,,,
,,,,,,,,
,,,,,,,,
,,,,,,,,
,,,,,,,,
,,,,,,,,
,,,,,,,,
,,,,,,,,
,,,,,,,,
,,,,,,,,
,,,,,,,,
,,,,,,,,
,,,,,,,,
,,,,,,,,
,,,,,,,,
,,,,,,,,
,,,,,,,,
,,,,,,,,
,,,,,,,,
,,,,,,,,
,,,,,,,,
,,,,,,,,
,,,,,,,,
,,,,,,,,
,,,,,,,,
,,,,,,,,
,,,,,,,,
,,,,,,,,
,,,,,,,,
,,,,,,,,
,,,,,,,,
,,,,,,,,
,,,,,,,,
,,,,,,,,
,,,,,,,,
,,,,,,,,
,,,,,,,,
,,,,,,,,
,,,,,,,,
,,,,,,,,
,,,,,,,,
,,,,,,,,
,,,,,,,,
,,,,,,,,
,,,,,,,,
,,,,,,,,
,,,,,,,,
,,,,,,,,
,,,,,,,,
,,,,,,,,
,,,,,,,,
,,,,,,,,
,,,,,,,,
,,,,,,,,
,,,,,,,,
,,,,,,,,
,,,,,,,,
,,,,,,,,
,,,,,,,,
,,,,,,,,
,,,,,,,,
,,,,,,,,
,,,,,,,,
,,,,,,,,
,,,,,,,,
,,,,,,,,
,,,,,,,,
,,,,,,,,
,,,,,,,,
,,,,,,,,
,,,,,,,,
,,,,,,,,
,,,,,,,,
,,,,,,,,
,,,,,,,,
,,,,,,,,
,,,,,,,,
,,,,,,,,
,,,,,,,,
,,,,,,,,
,,,,,,,,
,,,,,,,,
,,,,,,,,
,,,,,,,,
,,,,,,,,
,,,,,,,,
,,,,,,,,
,,,,,,,,
,,,,,,,,
,,,,,,,,
,,,,,,,,
,,,,,,,,
,,,,,,,,
,,,,,,,,
,,,,,,,,
,,,,,,,,
,,,,,,,,
,,,,,,,,
,,,,,,,,
,,,,,,,,
,,,,,,,,
,,,,,,,,
,,,,,,,,
,,,,,,,,
,,,,,,,,
,,,,,,,,
,,,,,,,,
,,,,,,,,
,,,,,,,,
,,,,,,,,
,,,,,,,,
,,,,,,,,
,,,,,,,,
,,,,,,,,
,,,,,,,,
,,,,,,,,
,,,,,,,,
,,,,,,,,
,,,,,,,,
,,,,,,,,
,,,,,,,,
,,,,,,,,
,,,,,,,,
,,,,,,,,
,,,,,,,,
,,,,,,,,
,,,,,,,,
,,,,,,,,
,,,,,,,,
,,,,,,,,
,,,,,,,,
,,,,,,,,
,,,,,,,,
,,,,,,,,
,,,,,,,,
,,,,,,,,
,,,,,,,,
,,,,,,,,
,,,,,,,,
,,,,,,,,
,,,,,,,,
,,,,,,,,
,,,,,,,,
,,,,,,,,
,,,,,,,,
,,,,,,,,
,,,,,,,,
,,,,,,,,
,,,,,,,,
,,,,,,,,
,,,,,,,,
,,,,,,,,
,,,,,,,,
,,,,,,,,
,,,,,,,,
,,,,,,,,
,,,,,,,,
,,,,,,,,
,,,,,,,,
,,,,,,,,
,,,,,,,,
,,,,,,,,
,,,,,,,,
,,,,,,,,
,,,,,,,,
,,,,,,,,
,,,,,,,,
,,,,,,,,
,,,,,,,,
,,,,,,,,
,,,,,,,,
,,,,,,,,
,,,,,,,,
,,,,,,,,
,,,,,,,,
,,,,,,,,
,,,,,,,,
,,,,,,,,
,,,,,,,,
,,,,,,,,
,,,,,,,,
,,,,,,,,
,,,,,,,,
,,,,,,,,
,,,,,,,,
,,,,,,,,
,,,,,,,,
,,,,,,,,
,,,,,,,,
,,,,,,,,
,,,,,,,,
,,,,,,,,
,,,,,,,,
,,,,,,,,
,,,,,,,,
,,,,,,,,
,,,,,,,,
,,,,,,,,
,,,,,,,,
,,,,,,,,
,,,,,,,,
,,,,,,,,
,,,,,,,,
,,,,,,,,
,,,,,,,,
,,,,,,,,
,,,,,,,,
,,,,,,,,
,,,,,,,,
,,,,,,,,
,,,,,,,,
,,,,,,,,
,,,,,,,,
,,,,,,,,
,,,,,,,,
,,,,,,,,
,,,,,,,,
,,,,,,,,
,,,,,,,,
,,,,,,,,
,,,,,,,,
,,,,,,,,
,,,,,,,,
,,,,,,,,
,,,,,,,,
,,,,,,,,
,,,,,,,,
,,,,,,,,
,,,,,,,,
,,,,,,,,
,,,,,,,,
,,,,,,,,
,,,,,,,,
,,,,,,,,
,,,,,,,,
,,,,,,,,
,,,,,,,,
,,,,,,,,
,,,,,,,,
,,,,,,,,
,,,,,,,,
,,,,,,,,
,,,,,,,,
,,,,,,,,
,,,,,,,,
,,,,,,,,
,,,,,,,,
,,,,,,,,
,,,,,,,,
,,,,,,,,
,,,,,,,,
,,,,,,,,
,,,,,,,,
,,,,,,,,
,,,,,,,,
,,,,,,,,
,,,,,,,,
,,,,,,,,
,,,,,,,,
,,,,,,,,
,,,,,,,,
,,,,,,,,
,,,,,,,,
,,,,,,,,
,,,,,,,,
,,,,,,,,
,,,,,,,,
,,,,,,,,
,,,,,,,,
,,,,,,,,
,,,,,,,,
,,,,,,,,
,,,,,,,,
,,,,,,,,
,,,,,,,,
,,,,,,,,
,,,,,,,,
,,,,,,,,
,,,,,,,,
,,,,,,,,
,,,,,,,,
,,,,,,,,
,,,,,,,,
,,,,,,,,
,,,,,,,,
,,,,,,,,
,,,,,,,,
,,,,,,,,
,,,,,,,,
,,,,,,,,
,,,,,,,,
,,,,,,,,
,,,,,,,,
,,,,,,,,
,,,,,,,,
,,,,,,,,
,,,,,,,,
,,,,,,,,
,,,,,,,,
,,,,,,,,
,,,,,,,,
,,,,,,,,
,,,,,,,,
,,,,,,,,
,,,,,,,,
,,,,,,,,
,,,,,,,,
,,,,,,,,
,,,,,,,,
,,,,,,,,
